TimeUTC,timestampInMs,requestPath,requestMethod,requestQueryString,responseStatusCode,requestId,requestUserAgent,level,environment,branch,vercelCache,type,function,host,deploymentDomain,deploymentId,durationMs,region,maxMemoryUsed,memorySize,message,projectId,traceId,sessionId,invocationId,instanceId,concurrency,workflowRunId,workflowStepId
2026-05-28 06:58:52,1779951532953,www.containerboard.eu/pl/containers/6a1595a3c1218fd90838a2af,GET,_rsc=p37cr&nxtPlocale=pl&nxtPid=6a1595a3c1218fd90838a2af,200,bll4j-1779951532953-f00246b4961a,"Mozilla/5.0 (Linux; Android 15; moto g54 5G Build/V1TDS35H.83-20-5-8-2; wv) AppleWebKit/537.36 (KHTML, like Gecko) Version/4.0 Chrome/148.0.7778.120 Mobile Safari/537.36 [FB_IAB/FB4A;FBAV/562.0.0.53.83;]",,production,master,MISS,function,/[locale]/containers/[id].rsc,www.containerboard.eu,container-board-btgqho7q0-karoltyminskikarol-7049s-projects.vercel.app,dpl_8LJAAsuAooYajc3Te4fpCQKP1vm4,63,arn1,331,4096,,prj_lePpUO0zajFeJ8CzF4GlD0LZK78U,,,01KSPP1YXKC78PTERGGGRTMK64,njIhWBy6EB1A,1,,
2026-05-28 06:58:52,1779951532953,www.containerboard.eu/pl/containers/6a1595a3c1218fd90838a2af,GET,_rsc=p37cr&nxtPlocale=pl&nxtPid=6a1595a3c1218fd90838a2af,200,bll4j-1779951532953-f00246b4961a,"Mozilla/5.0 (Linux; Android 15; moto g54 5G Build/V1TDS35H.83-20-5-8-2; wv) AppleWebKit/537.36 (KHTML, like Gecko) Version/4.0 Chrome/148.0.7778.120 Mobile Safari/537.36 [FB_IAB/FB4A;FBAV/562.0.0.53.83;]",,production,master,MISS,middleware,/_middleware,www.containerboard.eu,container-board-btgqho7q0-karoltyminskikarol-7049s-projects.vercel.app,dpl_8LJAAsuAooYajc3Te4fpCQKP1vm4,8,arn1,286,4096,,prj_lePpUO0zajFeJ8CzF4GlD0LZK78U,,,01KSPP1YWWFTKQ7SXM9HNWVV2N,5jxJmgyyU5lb,1,,
2026-05-28 06:58:52,1779951532836,www.containerboard.eu/pl/containers/6a1595a3c1218fd90838a2af,GET,_rsc=1r34m&nxtPlocale=pl&nxtPid=6a1595a3c1218fd90838a2af,200,56sm4-1779951532836-babf48a29b70,"Mozilla/5.0 (Linux; Android 15; moto g54 5G Build/V1TDS35H.83-20-5-8-2; wv) AppleWebKit/537.36 (KHTML, like Gecko) Version/4.0 Chrome/148.0.7778.120 Mobile Safari/537.36 [FB_IAB/FB4A;FBAV/562.0.0.53.83;]",,production,master,MISS,function,/[locale]/containers/[id].rsc,www.containerboard.eu,container-board-btgqho7q0-karoltyminskikarol-7049s-projects.vercel.app,dpl_8LJAAsuAooYajc3Te4fpCQKP1vm4,7,arn1,331,4096,,prj_lePpUO0zajFeJ8CzF4GlD0LZK78U,,,01KSPP1YTQC77544J4GK4QMJ3E,njIhWBy6EB1A,1,,
2026-05-28 06:58:52,1779951532836,www.containerboard.eu/pl/containers/6a1595a3c1218fd90838a2af,GET,_rsc=1r34m&nxtPlocale=pl&nxtPid=6a1595a3c1218fd90838a2af,200,56sm4-1779951532836-babf48a29b70,"Mozilla/5.0 (Linux; Android 15; moto g54 5G Build/V1TDS35H.83-20-5-8-2; wv) AppleWebKit/537.36 (KHTML, like Gecko) Version/4.0 Chrome/148.0.7778.120 Mobile Safari/537.36 [FB_IAB/FB4A;FBAV/562.0.0.53.83;]",,production,master,MISS,middleware,/_middleware,www.containerboard.eu,container-board-btgqho7q0-karoltyminskikarol-7049s-projects.vercel.app,dpl_8LJAAsuAooYajc3Te4fpCQKP1vm4,7,arn1,285,4096,,prj_lePpUO0zajFeJ8CzF4GlD0LZK78U,,,01KSPP1YSEGBN6WPAN2SK11DF1,5jxJmgyyU5lb,1,,
2026-05-28 06:58:50,1779951530766,www.containerboard.eu/pl/containers/6a16ba61c1e67b895c80eacd,GET,_rsc=p37cr,200,gjmjf-1779951530766-04ad4345cdc3,"Mozilla/5.0 (Linux; Android 15; moto g54 5G Build/V1TDS35H.83-20-5-8-2; wv) AppleWebKit/537.36 (KHTML, like Gecko) Version/4.0 Chrome/148.0.7778.120 Mobile Safari/537.36 [FB_IAB/FB4A;FBAV/562.0.0.53.83;]",,production,master,MISS,middleware,/_middleware,www.containerboard.eu,container-board-btgqho7q0-karoltyminskikarol-7049s-projects.vercel.app,dpl_8LJAAsuAooYajc3Te4fpCQKP1vm4,9,arn1,284,4096,,prj_lePpUO0zajFeJ8CzF4GlD0LZK78U,,,01KSPP1WRTEW7099C0QMX19QKF,5jxJmgyyU5lb,1,,
2026-05-28 06:58:50,1779951530766,www.containerboard.eu/pl/containers/6a16ba61c1e67b895c80eacd,GET,_rsc=p37cr,200,gjmjf-1779951530766-04ad4345cdc3,"Mozilla/5.0 (Linux; Android 15; moto g54 5G Build/V1TDS35H.83-20-5-8-2; wv) AppleWebKit/537.36 (KHTML, like Gecko) Version/4.0 Chrome/148.0.7778.120 Mobile Safari/537.36 [FB_IAB/FB4A;FBAV/562.0.0.53.83;]",,production,master,MISS,function,/[locale]/containers/[id].rsc,www.containerboard.eu,container-board-btgqho7q0-karoltyminskikarol-7049s-projects.vercel.app,dpl_8LJAAsuAooYajc3Te4fpCQKP1vm4,62,arn1,330,4096,,prj_lePpUO0zajFeJ8CzF4GlD0LZK78U,,,01KSPP1WSNN1BT6ZZ53YZVTEJX,njIhWBy6EB1A,1,,
2026-05-28 06:58:50,1779951530656,www.containerboard.eu/pl/containers/6a16ba61c1e67b895c80eacd,GET,_rsc=1r34m,200,w5gzm-1779951530656-43e4efa26b86,"Mozilla/5.0 (Linux; Android 15; moto g54 5G Build/V1TDS35H.83-20-5-8-2; wv) AppleWebKit/537.36 (KHTML, like Gecko) Version/4.0 Chrome/148.0.7778.120 Mobile Safari/537.36 [FB_IAB/FB4A;FBAV/562.0.0.53.83;]",,production,master,MISS,middleware,/_middleware,www.containerboard.eu,container-board-btgqho7q0-karoltyminskikarol-7049s-projects.vercel.app,dpl_8LJAAsuAooYajc3Te4fpCQKP1vm4,7,arn1,284,4096,,prj_lePpUO0zajFeJ8CzF4GlD0LZK78U,,,01KSPP1WN94P08PQGMSA7J6CS4,5jxJmgyyU5lb,1,,
2026-05-28 06:58:50,1779951530656,www.containerboard.eu/pl/containers/6a16ba61c1e67b895c80eacd,GET,_rsc=1r34m,200,w5gzm-1779951530656-43e4efa26b86,"Mozilla/5.0 (Linux; Android 15; moto g54 5G Build/V1TDS35H.83-20-5-8-2; wv) AppleWebKit/537.36 (KHTML, like Gecko) Version/4.0 Chrome/148.0.7778.120 Mobile Safari/537.36 [FB_IAB/FB4A;FBAV/562.0.0.53.83;]",,production,master,MISS,function,/[locale]/containers/[id].rsc,www.containerboard.eu,container-board-btgqho7q0-karoltyminskikarol-7049s-projects.vercel.app,dpl_8LJAAsuAooYajc3Te4fpCQKP1vm4,9,arn1,329,4096,,prj_lePpUO0zajFeJ8CzF4GlD0LZK78U,,,01KSPP1WPHCAPP362KW1606324,njIhWBy6EB1A,1,,
2026-05-28 06:58:50,1779951530570,www.containerboard.eu/pl/containers/6a16bc9a6c094dbdb0ef222f,GET,_rsc=p37cr&nxtPlocale=pl&nxtPid=6a16bc9a6c094dbdb0ef222f,200,r8c27-1779951530570-0376437ce37a,"Mozilla/5.0 (Linux; Android 15; moto g54 5G Build/V1TDS35H.83-20-5-8-2; wv) AppleWebKit/537.36 (KHTML, like Gecko) Version/4.0 Chrome/148.0.7778.120 Mobile Safari/537.36 [FB_IAB/FB4A;FBAV/562.0.0.53.83;]",,production,master,MISS,function,/[locale]/containers/[id].rsc,www.containerboard.eu,container-board-btgqho7q0-karoltyminskikarol-7049s-projects.vercel.app,dpl_8LJAAsuAooYajc3Te4fpCQKP1vm4,66,arn1,328,4096,,prj_lePpUO0zajFeJ8CzF4GlD0LZK78U,,,01KSPP1WK8KKF2080VQXVGA681,njIhWBy6EB1A,1,,
2026-05-28 06:58:50,1779951530570,www.containerboard.eu/pl/containers/6a16bc9a6c094dbdb0ef222f,GET,_rsc=p37cr&nxtPlocale=pl&nxtPid=6a16bc9a6c094dbdb0ef222f,200,r8c27-1779951530570-0376437ce37a,"Mozilla/5.0 (Linux; Android 15; moto g54 5G Build/V1TDS35H.83-20-5-8-2; wv) AppleWebKit/537.36 (KHTML, like Gecko) Version/4.0 Chrome/148.0.7778.120 Mobile Safari/537.36 [FB_IAB/FB4A;FBAV/562.0.0.53.83;]",,production,master,MISS,middleware,/_middleware,www.containerboard.eu,container-board-btgqho7q0-karoltyminskikarol-7049s-projects.vercel.app,dpl_8LJAAsuAooYajc3Te4fpCQKP1vm4,7,arn1,283,4096,,prj_lePpUO0zajFeJ8CzF4GlD0LZK78U,,,01KSPP1WJEHCEWDKHBR1Z083CF,5jxJmgyyU5lb,1,,
2026-05-28 06:58:50,1779951530458,www.containerboard.eu/pl/containers/6a16bc9a6c094dbdb0ef222f,GET,_rsc=1r34m&nxtPlocale=pl&nxtPid=6a16bc9a6c094dbdb0ef222f,200,7pr8v-1779951530458-171f6f202f3f,"Mozilla/5.0 (Linux; Android 15; moto g54 5G Build/V1TDS35H.83-20-5-8-2; wv) AppleWebKit/537.36 (KHTML, like Gecko) Version/4.0 Chrome/148.0.7778.120 Mobile Safari/537.36 [FB_IAB/FB4A;FBAV/562.0.0.53.83;]",,production,master,MISS,function,/[locale]/containers/[id].rsc,www.containerboard.eu,container-board-btgqho7q0-karoltyminskikarol-7049s-projects.vercel.app,dpl_8LJAAsuAooYajc3Te4fpCQKP1vm4,7,arn1,327,4096,,prj_lePpUO0zajFeJ8CzF4GlD0LZK78U,,,01KSPP1WFWFJ03T2DYGH15BWSG,njIhWBy6EB1A,1,,
2026-05-28 06:58:50,1779951530458,www.containerboard.eu/pl/containers/6a16bc9a6c094dbdb0ef222f,GET,_rsc=1r34m&nxtPlocale=pl&nxtPid=6a16bc9a6c094dbdb0ef222f,200,7pr8v-1779951530458-171f6f202f3f,"Mozilla/5.0 (Linux; Android 15; moto g54 5G Build/V1TDS35H.83-20-5-8-2; wv) AppleWebKit/537.36 (KHTML, like Gecko) Version/4.0 Chrome/148.0.7778.120 Mobile Safari/537.36 [FB_IAB/FB4A;FBAV/562.0.0.53.83;]",,production,master,MISS,middleware,/_middleware,www.containerboard.eu,container-board-btgqho7q0-karoltyminskikarol-7049s-projects.vercel.app,dpl_8LJAAsuAooYajc3Te4fpCQKP1vm4,7,arn1,282,4096,,prj_lePpUO0zajFeJ8CzF4GlD0LZK78U,,,01KSPP1WF2XZYWAEE0YSM0GQX7,5jxJmgyyU5lb,1,,
2026-05-28 06:58:49,1779951529899,www.containerboard.eu/pl/containers/6a16c0686c094dbdb0ef2230,GET,_rsc=p37cr,200,wx548-1779951529899-dffceccd7496,"Mozilla/5.0 (Linux; Android 15; moto g54 5G Build/V1TDS35H.83-20-5-8-2; wv) AppleWebKit/537.36 (KHTML, like Gecko) Version/4.0 Chrome/148.0.7778.120 Mobile Safari/537.36 [FB_IAB/FB4A;FBAV/562.0.0.53.83;]",,production,master,MISS,middleware,/_middleware,www.containerboard.eu,container-board-btgqho7q0-karoltyminskikarol-7049s-projects.vercel.app,dpl_8LJAAsuAooYajc3Te4fpCQKP1vm4,7,arn1,282,4096,,prj_lePpUO0zajFeJ8CzF4GlD0LZK78U,,,01KSPP1VXFSTB3EEAR8KR8J0HA,5jxJmgyyU5lb,1,,
2026-05-28 06:58:49,1779951529899,www.containerboard.eu/pl/containers/6a16c0686c094dbdb0ef2230,GET,_rsc=p37cr,200,wx548-1779951529899-dffceccd7496,"Mozilla/5.0 (Linux; Android 15; moto g54 5G Build/V1TDS35H.83-20-5-8-2; wv) AppleWebKit/537.36 (KHTML, like Gecko) Version/4.0 Chrome/148.0.7778.120 Mobile Safari/537.36 [FB_IAB/FB4A;FBAV/562.0.0.53.83;]",,production,master,MISS,function,/[locale]/containers/[id].rsc,www.containerboard.eu,container-board-btgqho7q0-karoltyminskikarol-7049s-projects.vercel.app,dpl_8LJAAsuAooYajc3Te4fpCQKP1vm4,413,arn1,327,4096,,prj_lePpUO0zajFeJ8CzF4GlD0LZK78U,,,01KSPP1VQD0VSXW9TA3GAGC139,njIhWBy6EB1A,2,,
2026-05-28 06:58:49,1779951529801,www.containerboard.eu/pl/containers/6a16c0686c094dbdb0ef2230,GET,_rsc=1r34m,200,g2vd7-1779951529801-9d4e876b5698,"Mozilla/5.0 (Linux; Android 15; moto g54 5G Build/V1TDS35H.83-20-5-8-2; wv) AppleWebKit/537.36 (KHTML, like Gecko) Version/4.0 Chrome/148.0.7778.120 Mobile Safari/537.36 [FB_IAB/FB4A;FBAV/562.0.0.53.83;]",,production,master,MISS,middleware,/_middleware,www.containerboard.eu,container-board-btgqho7q0-karoltyminskikarol-7049s-projects.vercel.app,dpl_8LJAAsuAooYajc3Te4fpCQKP1vm4,7,arn1,282,4096,,prj_lePpUO0zajFeJ8CzF4GlD0LZK78U,,,01KSPP1VTD7FT63GHYE7W515Q1,5jxJmgyyU5lb,1,,
2026-05-28 06:58:49,1779951529801,www.containerboard.eu/pl/containers/6a16c0686c094dbdb0ef2230,GET,_rsc=1r34m,200,g2vd7-1779951529801-9d4e876b5698,"Mozilla/5.0 (Linux; Android 15; moto g54 5G Build/V1TDS35H.83-20-5-8-2; wv) AppleWebKit/537.36 (KHTML, like Gecko) Version/4.0 Chrome/148.0.7778.120 Mobile Safari/537.36 [FB_IAB/FB4A;FBAV/562.0.0.53.83;]",,production,master,MISS,function,/[locale]/containers/[id].rsc,www.containerboard.eu,container-board-btgqho7q0-karoltyminskikarol-7049s-projects.vercel.app,dpl_8LJAAsuAooYajc3Te4fpCQKP1vm4,5,arn1,322,4096,,prj_lePpUO0zajFeJ8CzF4GlD0LZK78U,,,01KSPP1VQD0VSXW9TA3GAGC139,njIhWBy6EB1A,2,,
2026-05-28 06:58:49,1779951529699,www.containerboard.eu/pl/containers/6a16c6235a46dccef8b2236c,GET,_rsc=p37cr,200,zfbr9-1779951529699-ea37273bd5b9,"Mozilla/5.0 (Linux; Android 15; moto g54 5G Build/V1TDS35H.83-20-5-8-2; wv) AppleWebKit/537.36 (KHTML, like Gecko) Version/4.0 Chrome/148.0.7778.120 Mobile Safari/537.36 [FB_IAB/FB4A;FBAV/562.0.0.53.83;]",,production,master,MISS,middleware,/_middleware,www.containerboard.eu,container-board-btgqho7q0-karoltyminskikarol-7049s-projects.vercel.app,dpl_8LJAAsuAooYajc3Te4fpCQKP1vm4,7,arn1,281,4096,,prj_lePpUO0zajFeJ8CzF4GlD0LZK78U,,,01KSPP1VQ749003XFV7X164Y6S,5jxJmgyyU5lb,1,,
2026-05-28 06:58:49,1779951529699,www.containerboard.eu/pl/containers/6a16c6235a46dccef8b2236c,GET,_rsc=p37cr,200,zfbr9-1779951529699-ea37273bd5b9,"Mozilla/5.0 (Linux; Android 15; moto g54 5G Build/V1TDS35H.83-20-5-8-2; wv) AppleWebKit/537.36 (KHTML, like Gecko) Version/4.0 Chrome/148.0.7778.120 Mobile Safari/537.36 [FB_IAB/FB4A;FBAV/562.0.0.53.83;]",,production,master,MISS,function,/[locale]/containers/[id].rsc,www.containerboard.eu,container-board-btgqho7q0-karoltyminskikarol-7049s-projects.vercel.app,dpl_8LJAAsuAooYajc3Te4fpCQKP1vm4,75,arn1,408,4096,,prj_lePpUO0zajFeJ8CzF4GlD0LZK78U,,,01KSPP1VR6ENR0H9NPMC28A66N,5WSNUbX8QYGL,1,,
2026-05-28 06:58:49,1779951529684,www.containerboard.eu/pl/containers/6a16dda52916c0f26b0a03c5,GET,_rsc=p37cr,200,sb9bd-1779951529684-e8e0f34006ca,"Mozilla/5.0 (Linux; Android 15; moto g54 5G Build/V1TDS35H.83-20-5-8-2; wv) AppleWebKit/537.36 (KHTML, like Gecko) Version/4.0 Chrome/148.0.7778.120 Mobile Safari/537.36 [FB_IAB/FB4A;FBAV/562.0.0.53.83;]",,production,master,MISS,middleware,/_middleware,www.containerboard.eu,container-board-btgqho7q0-karoltyminskikarol-7049s-projects.vercel.app,dpl_8LJAAsuAooYajc3Te4fpCQKP1vm4,7,arn1,281,4096,,prj_lePpUO0zajFeJ8CzF4GlD0LZK78U,,,01KSPP1VPRVTQ1KH2N9JN1Q377,5jxJmgyyU5lb,1,,
2026-05-28 06:58:49,1779951529684,www.containerboard.eu/pl/containers/6a16dda52916c0f26b0a03c5,GET,_rsc=p37cr,200,sb9bd-1779951529684-e8e0f34006ca,"Mozilla/5.0 (Linux; Android 15; moto g54 5G Build/V1TDS35H.83-20-5-8-2; wv) AppleWebKit/537.36 (KHTML, like Gecko) Version/4.0 Chrome/148.0.7778.120 Mobile Safari/537.36 [FB_IAB/FB4A;FBAV/562.0.0.53.83;]",,production,master,MISS,function,/[locale]/containers/[id].rsc,www.containerboard.eu,container-board-btgqho7q0-karoltyminskikarol-7049s-projects.vercel.app,dpl_8LJAAsuAooYajc3Te4fpCQKP1vm4,622,arn1,327,4096,,prj_lePpUO0zajFeJ8CzF4GlD0LZK78U,,,01KSPP1VQD0VSXW9TA3GAGC139,njIhWBy6EB1A,2,,
2026-05-28 06:58:49,1779951529596,www.containerboard.eu/pl/containers/6a16c6235a46dccef8b2236c,GET,_rsc=1r34m&nxtPlocale=pl&nxtPid=6a16c6235a46dccef8b2236c,200,zfbr9-1779951529596-addb497255a4,"Mozilla/5.0 (Linux; Android 15; moto g54 5G Build/V1TDS35H.83-20-5-8-2; wv) AppleWebKit/537.36 (KHTML, like Gecko) Version/4.0 Chrome/148.0.7778.120 Mobile Safari/537.36 [FB_IAB/FB4A;FBAV/562.0.0.53.83;]",,production,master,MISS,function,/[locale]/containers/[id].rsc,www.containerboard.eu,container-board-btgqho7q0-karoltyminskikarol-7049s-projects.vercel.app,dpl_8LJAAsuAooYajc3Te4fpCQKP1vm4,9,arn1,320,4096,,prj_lePpUO0zajFeJ8CzF4GlD0LZK78U,,,01KSPP1VMSR6KBGNCSTX2D9YHK,njIhWBy6EB1A,1,,
2026-05-28 06:58:49,1779951529596,www.containerboard.eu/pl/containers/6a16c6235a46dccef8b2236c,GET,_rsc=1r34m&nxtPlocale=pl&nxtPid=6a16c6235a46dccef8b2236c,200,zfbr9-1779951529596-addb497255a4,"Mozilla/5.0 (Linux; Android 15; moto g54 5G Build/V1TDS35H.83-20-5-8-2; wv) AppleWebKit/537.36 (KHTML, like Gecko) Version/4.0 Chrome/148.0.7778.120 Mobile Safari/537.36 [FB_IAB/FB4A;FBAV/562.0.0.53.83;]",,production,master,MISS,middleware,/_middleware,www.containerboard.eu,container-board-btgqho7q0-karoltyminskikarol-7049s-projects.vercel.app,dpl_8LJAAsuAooYajc3Te4fpCQKP1vm4,8,arn1,281,4096,,prj_lePpUO0zajFeJ8CzF4GlD0LZK78U,,,01KSPP1VM3X3GQ82NS81SNJC01,5jxJmgyyU5lb,1,,
2026-05-28 06:58:49,1779951529496,www.containerboard.eu/pl/containers/6a16dda52916c0f26b0a03c5,GET,_rsc=1r34m&nxtPlocale=pl&nxtPid=6a16dda52916c0f26b0a03c5,200,bll4j-1779951529496-003a88f08ff5,"Mozilla/5.0 (Linux; Android 15; moto g54 5G Build/V1TDS35H.83-20-5-8-2; wv) AppleWebKit/537.36 (KHTML, like Gecko) Version/4.0 Chrome/148.0.7778.120 Mobile Safari/537.36 [FB_IAB/FB4A;FBAV/562.0.0.53.83;]",,production,master,MISS,function,/[locale]/containers/[id].rsc,www.containerboard.eu,container-board-btgqho7q0-karoltyminskikarol-7049s-projects.vercel.app,dpl_8LJAAsuAooYajc3Te4fpCQKP1vm4,95,arn1,320,4096,,prj_lePpUO0zajFeJ8CzF4GlD0LZK78U,,,01KSPP1VHJ4CMMMPAQ99MM37VF,njIhWBy6EB1A,1,,
2026-05-28 06:58:49,1779951529496,www.containerboard.eu/pl/containers/6a16dda52916c0f26b0a03c5,GET,_rsc=1r34m&nxtPlocale=pl&nxtPid=6a16dda52916c0f26b0a03c5,200,bll4j-1779951529496-003a88f08ff5,"Mozilla/5.0 (Linux; Android 15; moto g54 5G Build/V1TDS35H.83-20-5-8-2; wv) AppleWebKit/537.36 (KHTML, like Gecko) Version/4.0 Chrome/148.0.7778.120 Mobile Safari/537.36 [FB_IAB/FB4A;FBAV/562.0.0.53.83;]",,production,master,MISS,middleware,/_middleware,www.containerboard.eu,container-board-btgqho7q0-karoltyminskikarol-7049s-projects.vercel.app,dpl_8LJAAsuAooYajc3Te4fpCQKP1vm4,8,arn1,281,4096,,prj_lePpUO0zajFeJ8CzF4GlD0LZK78U,,,01KSPP1VGTSFFHFE04JDX9XGMQ,5jxJmgyyU5lb,1,,
2026-05-28 06:58:48,1779951528247,www.containerboard.eu/containers/new,GET,_rsc=p37cr,200,zgmxb-1779951528247-917f43572e3a,"Mozilla/5.0 (Linux; Android 15; moto g54 5G Build/V1TDS35H.83-20-5-8-2; wv) AppleWebKit/537.36 (KHTML, like Gecko) Version/4.0 Chrome/148.0.7778.120 Mobile Safari/537.36 [FB_IAB/FB4A;FBAV/562.0.0.53.83;]",,production,master,MISS,middleware,/_middleware,www.containerboard.eu,container-board-btgqho7q0-karoltyminskikarol-7049s-projects.vercel.app,dpl_8LJAAsuAooYajc3Te4fpCQKP1vm4,8,arn1,280,4096,,prj_lePpUO0zajFeJ8CzF4GlD0LZK78U,,,01KSPP1T9W6BKRH184NHX77VPG,oHVti0bwxhbh,1,,
2026-05-28 06:58:48,1779951528247,www.containerboard.eu/containers/new,GET,_rsc=p37cr,200,zgmxb-1779951528247-917f43572e3a,"Mozilla/5.0 (Linux; Android 15; moto g54 5G Build/V1TDS35H.83-20-5-8-2; wv) AppleWebKit/537.36 (KHTML, like Gecko) Version/4.0 Chrome/148.0.7778.120 Mobile Safari/537.36 [FB_IAB/FB4A;FBAV/562.0.0.53.83;]",,production,master,MISS,function,/containers/new.rsc,www.containerboard.eu,container-board-btgqho7q0-karoltyminskikarol-7049s-projects.vercel.app,dpl_8LJAAsuAooYajc3Te4fpCQKP1vm4,7,arn1,408,4096,,prj_lePpUO0zajFeJ8CzF4GlD0LZK78U,,,01KSPP1TAH32HY6X0Z5RDPVBC6,5WSNUbX8QYGL,1,,
2026-05-28 06:58:48,1779951528189,www.containerboard.eu/login,GET,next=%2Fcontainers%2Fnew&_rsc=p37cr,200,r8c27-1779951528189-c6a7a7697e5c,"Mozilla/5.0 (Linux; Android 15; moto g54 5G Build/V1TDS35H.83-20-5-8-2; wv) AppleWebKit/537.36 (KHTML, like Gecko) Version/4.0 Chrome/148.0.7778.120 Mobile Safari/537.36 [FB_IAB/FB4A;FBAV/562.0.0.53.83;]",,production,master,MISS,middleware,/_middleware,www.containerboard.eu,container-board-btgqho7q0-karoltyminskikarol-7049s-projects.vercel.app,dpl_8LJAAsuAooYajc3Te4fpCQKP1vm4,11,arn1,281,4096,,prj_lePpUO0zajFeJ8CzF4GlD0LZK78U,,,01KSPP1TA10YG7F6X78V6MAZD1,5jxJmgyyU5lb,1,,
2026-05-28 06:58:48,1779951528189,www.containerboard.eu/login,GET,next=%2Fcontainers%2Fnew&_rsc=p37cr,200,r8c27-1779951528189-c6a7a7697e5c,"Mozilla/5.0 (Linux; Android 15; moto g54 5G Build/V1TDS35H.83-20-5-8-2; wv) AppleWebKit/537.36 (KHTML, like Gecko) Version/4.0 Chrome/148.0.7778.120 Mobile Safari/537.36 [FB_IAB/FB4A;FBAV/562.0.0.53.83;]",,production,master,MISS,function,/login.rsc,www.containerboard.eu,container-board-btgqho7q0-karoltyminskikarol-7049s-projects.vercel.app,dpl_8LJAAsuAooYajc3Te4fpCQKP1vm4,7,arn1,408,4096,,prj_lePpUO0zajFeJ8CzF4GlD0LZK78U,,,01KSPP1TBEN90BWKW5KK1HXMF1,5WSNUbX8QYGL,1,,
2026-05-28 06:58:48,1779951528178,www.containerboard.eu/login,GET,_rsc=p37cr,200,h5p77-1779951528178-a0c235a9e151,"Mozilla/5.0 (Linux; Android 15; moto g54 5G Build/V1TDS35H.83-20-5-8-2; wv) AppleWebKit/537.36 (KHTML, like Gecko) Version/4.0 Chrome/148.0.7778.120 Mobile Safari/537.36 [FB_IAB/FB4A;FBAV/562.0.0.53.83;]",,production,master,MISS,middleware,/_middleware,www.containerboard.eu,container-board-btgqho7q0-karoltyminskikarol-7049s-projects.vercel.app,dpl_8LJAAsuAooYajc3Te4fpCQKP1vm4,7,arn1,280,4096,,prj_lePpUO0zajFeJ8CzF4GlD0LZK78U,,,01KSPP1T7RDQJZV6H6FYHXS2TJ,oHVti0bwxhbh,1,,
2026-05-28 06:58:48,1779951528178,www.containerboard.eu/login,GET,_rsc=p37cr,200,h5p77-1779951528178-a0c235a9e151,"Mozilla/5.0 (Linux; Android 15; moto g54 5G Build/V1TDS35H.83-20-5-8-2; wv) AppleWebKit/537.36 (KHTML, like Gecko) Version/4.0 Chrome/148.0.7778.120 Mobile Safari/537.36 [FB_IAB/FB4A;FBAV/562.0.0.53.83;]",,production,master,MISS,function,/login.rsc,www.containerboard.eu,container-board-btgqho7q0-karoltyminskikarol-7049s-projects.vercel.app,dpl_8LJAAsuAooYajc3Te4fpCQKP1vm4,7,arn1,408,4096,,prj_lePpUO0zajFeJ8CzF4GlD0LZK78U,,,01KSPP1T8DB0S49KD2SN9PP4RR,5WSNUbX8QYGL,1,,
2026-05-28 06:58:48,1779951528156,www.containerboard.eu/list,GET,_rsc=p37cr,200,bll4j-1779951528156-0e771cd36ad6,"Mozilla/5.0 (Linux; Android 15; moto g54 5G Build/V1TDS35H.83-20-5-8-2; wv) AppleWebKit/537.36 (KHTML, like Gecko) Version/4.0 Chrome/148.0.7778.120 Mobile Safari/537.36 [FB_IAB/FB4A;FBAV/562.0.0.53.83;]",,production,master,MISS,middleware,/_middleware,www.containerboard.eu,container-board-btgqho7q0-karoltyminskikarol-7049s-projects.vercel.app,dpl_8LJAAsuAooYajc3Te4fpCQKP1vm4,11,arn1,280,4096,,prj_lePpUO0zajFeJ8CzF4GlD0LZK78U,,,01KSPP1T71S8DHY9GM6XKBRTH6,oHVti0bwxhbh,1,,
2026-05-28 06:58:48,1779951528156,www.containerboard.eu/list,GET,_rsc=p37cr,200,bll4j-1779951528156-0e771cd36ad6,"Mozilla/5.0 (Linux; Android 15; moto g54 5G Build/V1TDS35H.83-20-5-8-2; wv) AppleWebKit/537.36 (KHTML, like Gecko) Version/4.0 Chrome/148.0.7778.120 Mobile Safari/537.36 [FB_IAB/FB4A;FBAV/562.0.0.53.83;]",,production,master,MISS,function,/list.rsc,www.containerboard.eu,container-board-btgqho7q0-karoltyminskikarol-7049s-projects.vercel.app,dpl_8LJAAsuAooYajc3Te4fpCQKP1vm4,8,arn1,407,4096,,prj_lePpUO0zajFeJ8CzF4GlD0LZK78U,,,01KSPP1T7SVBZK7E7J2WFZYB4M,5WSNUbX8QYGL,1,,
2026-05-28 06:58:48,1779951528076,www.containerboard.eu/privacy-policy,GET,_rsc=e51y9,200,4g878-1779951528076-9b991d7c1ac2,"Mozilla/5.0 (Linux; Android 15; moto g54 5G Build/V1TDS35H.83-20-5-8-2; wv) AppleWebKit/537.36 (KHTML, like Gecko) Version/4.0 Chrome/148.0.7778.120 Mobile Safari/537.36 [FB_IAB/FB4A;FBAV/562.0.0.53.83;]",,production,master,MISS,middleware,/_middleware,www.containerboard.eu,container-board-btgqho7q0-karoltyminskikarol-7049s-projects.vercel.app,dpl_8LJAAsuAooYajc3Te4fpCQKP1vm4,13,arn1,280,4096,,prj_lePpUO0zajFeJ8CzF4GlD0LZK78U,,,01KSPP1T4FK36KCVAE2QXQB28X,5jxJmgyyU5lb,1,,
2026-05-28 06:58:48,1779951528076,www.containerboard.eu/privacy-policy,GET,_rsc=e51y9,200,4g878-1779951528076-9b991d7c1ac2,"Mozilla/5.0 (Linux; Android 15; moto g54 5G Build/V1TDS35H.83-20-5-8-2; wv) AppleWebKit/537.36 (KHTML, like Gecko) Version/4.0 Chrome/148.0.7778.120 Mobile Safari/537.36 [FB_IAB/FB4A;FBAV/562.0.0.53.83;]",,production,master,MISS,function,/privacy-policy.rsc,www.containerboard.eu,container-board-btgqho7q0-karoltyminskikarol-7049s-projects.vercel.app,dpl_8LJAAsuAooYajc3Te4fpCQKP1vm4,8,arn1,407,4096,,prj_lePpUO0zajFeJ8CzF4GlD0LZK78U,,,01KSPP1T5AZKG84NRE7VJQ9ZBW,5WSNUbX8QYGL,1,,
2026-05-28 06:58:48,1779951528075,www.containerboard.eu/terms,GET,_rsc=y1jih,200,9mlnk-1779951528075-ee6b042801d1,"Mozilla/5.0 (Linux; Android 15; moto g54 5G Build/V1TDS35H.83-20-5-8-2; wv) AppleWebKit/537.36 (KHTML, like Gecko) Version/4.0 Chrome/148.0.7778.120 Mobile Safari/537.36 [FB_IAB/FB4A;FBAV/562.0.0.53.83;]",,production,master,MISS,middleware,/_middleware,www.containerboard.eu,container-board-btgqho7q0-karoltyminskikarol-7049s-projects.vercel.app,dpl_8LJAAsuAooYajc3Te4fpCQKP1vm4,11,arn1,278,4096,,prj_lePpUO0zajFeJ8CzF4GlD0LZK78U,,,01KSPP1T4ECQ5FBX3GHN44Y23Q,qa9nHc77835x,1,,
2026-05-28 06:58:48,1779951528075,www.containerboard.eu/terms,GET,_rsc=y1jih,200,9mlnk-1779951528075-ee6b042801d1,"Mozilla/5.0 (Linux; Android 15; moto g54 5G Build/V1TDS35H.83-20-5-8-2; wv) AppleWebKit/537.36 (KHTML, like Gecko) Version/4.0 Chrome/148.0.7778.120 Mobile Safari/537.36 [FB_IAB/FB4A;FBAV/562.0.0.53.83;]",,production,master,MISS,function,/terms.rsc,www.containerboard.eu,container-board-btgqho7q0-karoltyminskikarol-7049s-projects.vercel.app,dpl_8LJAAsuAooYajc3Te4fpCQKP1vm4,709,arn1,309,4096,,prj_lePpUO0zajFeJ8CzF4GlD0LZK78U,,,01KSPP1T56K4NHE1121W8C1PJA,njIhWBy6EB1A,1,,
2026-05-28 06:58:48,1779951528072,www.containerboard.eu/cookies,GET,_rsc=f4v6u,200,gwb42-1779951528072-64e240d5676c,"Mozilla/5.0 (Linux; Android 15; moto g54 5G Build/V1TDS35H.83-20-5-8-2; wv) AppleWebKit/537.36 (KHTML, like Gecko) Version/4.0 Chrome/148.0.7778.120 Mobile Safari/537.36 [FB_IAB/FB4A;FBAV/562.0.0.53.83;]",,production,master,MISS,middleware,/_middleware,www.containerboard.eu,container-board-btgqho7q0-karoltyminskikarol-7049s-projects.vercel.app,dpl_8LJAAsuAooYajc3Te4fpCQKP1vm4,8,arn1,281,4096,,prj_lePpUO0zajFeJ8CzF4GlD0LZK78U,,,01KSPP1T4ECQ5FBX3GHNA0B7NZ,TESLXH7Facns,1,,
2026-05-28 06:58:48,1779951528072,www.containerboard.eu/cookies,GET,_rsc=f4v6u,200,gwb42-1779951528072-64e240d5676c,"Mozilla/5.0 (Linux; Android 15; moto g54 5G Build/V1TDS35H.83-20-5-8-2; wv) AppleWebKit/537.36 (KHTML, like Gecko) Version/4.0 Chrome/148.0.7778.120 Mobile Safari/537.36 [FB_IAB/FB4A;FBAV/562.0.0.53.83;]",,production,master,MISS,function,/cookies.rsc,www.containerboard.eu,container-board-btgqho7q0-karoltyminskikarol-7049s-projects.vercel.app,dpl_8LJAAsuAooYajc3Te4fpCQKP1vm4,8,arn1,407,4096,,prj_lePpUO0zajFeJ8CzF4GlD0LZK78U,,,01KSPP1T53VE1GCT91C0FZNK7Z,5WSNUbX8QYGL,1,,
2026-05-28 06:58:48,1779951528072,www.containerboard.eu/containers/new,GET,_rsc=1r34m,200,7pr8v-1779951528072-80d090bc0a8f,"Mozilla/5.0 (Linux; Android 15; moto g54 5G Build/V1TDS35H.83-20-5-8-2; wv) AppleWebKit/537.36 (KHTML, like Gecko) Version/4.0 Chrome/148.0.7778.120 Mobile Safari/537.36 [FB_IAB/FB4A;FBAV/562.0.0.53.83;]",,production,master,MISS,middleware,/_middleware,www.containerboard.eu,container-board-btgqho7q0-karoltyminskikarol-7049s-projects.vercel.app,dpl_8LJAAsuAooYajc3Te4fpCQKP1vm4,11,arn1,279,4096,,prj_lePpUO0zajFeJ8CzF4GlD0LZK78U,,,01KSPP1T4RDE4C0FQSGBZKHAD7,oHVti0bwxhbh,1,,
2026-05-28 06:58:48,1779951528072,www.containerboard.eu/containers/new,GET,_rsc=1r34m,200,7pr8v-1779951528072-80d090bc0a8f,"Mozilla/5.0 (Linux; Android 15; moto g54 5G Build/V1TDS35H.83-20-5-8-2; wv) AppleWebKit/537.36 (KHTML, like Gecko) Version/4.0 Chrome/148.0.7778.120 Mobile Safari/537.36 [FB_IAB/FB4A;FBAV/562.0.0.53.83;]",,production,master,MISS,function,/containers/new.rsc,www.containerboard.eu,container-board-btgqho7q0-karoltyminskikarol-7049s-projects.vercel.app,dpl_8LJAAsuAooYajc3Te4fpCQKP1vm4,5,arn1,407,4096,,prj_lePpUO0zajFeJ8CzF4GlD0LZK78U,,,01KSPP1T5H706YPKP1CD5XJS62,5WSNUbX8QYGL,1,,
2026-05-28 06:58:48,1779951528023,www.containerboard.eu/icon.png,GET,icon.0vzmkqa.q5ihb.png,304,km87j-1779951528023-74bb591edffd,"Mozilla/5.0 (Linux; Android 15; moto g54 5G Build/V1TDS35H.83-20-5-8-2; wv) AppleWebKit/537.36 (KHTML, like Gecko) Version/4.0 Chrome/148.0.7778.120 Mobile Safari/537.36 [FB_IAB/FB4A;FBAV/562.0.0.53.83;]",,production,master,HIT,middleware,/_middleware,www.containerboard.eu,container-board-btgqho7q0-karoltyminskikarol-7049s-projects.vercel.app,dpl_8LJAAsuAooYajc3Te4fpCQKP1vm4,7,arn1,281,4096,,prj_lePpUO0zajFeJ8CzF4GlD0LZK78U,,,01KSPP1T2XR1ZENQAKM7N29AAJ,TESLXH7Facns,1,,
2026-05-28 06:58:48,1779951528023,www.containerboard.eu/icon.png,GET,icon.0vzmkqa.q5ihb.png,304,km87j-1779951528023-74bb591edffd,"Mozilla/5.0 (Linux; Android 15; moto g54 5G Build/V1TDS35H.83-20-5-8-2; wv) AppleWebKit/537.36 (KHTML, like Gecko) Version/4.0 Chrome/148.0.7778.120 Mobile Safari/537.36 [FB_IAB/FB4A;FBAV/562.0.0.53.83;]",,production,master,HIT,static,/icon.png,www.containerboard.eu,container-board-btgqho7q0-karoltyminskikarol-7049s-projects.vercel.app,dpl_8LJAAsuAooYajc3Te4fpCQKP1vm4,23,arn1,,,,prj_lePpUO0zajFeJ8CzF4GlD0LZK78U,,,,,,,
2026-05-28 06:58:47,1779951527963,www.containerboard.eu/login,GET,_rsc=1r34m,200,h5p77-1779951527963-abfa28ca1929,"Mozilla/5.0 (Linux; Android 15; moto g54 5G Build/V1TDS35H.83-20-5-8-2; wv) AppleWebKit/537.36 (KHTML, like Gecko) Version/4.0 Chrome/148.0.7778.120 Mobile Safari/537.36 [FB_IAB/FB4A;FBAV/562.0.0.53.83;]",,production,master,MISS,function,/login.rsc,www.containerboard.eu,container-board-btgqho7q0-karoltyminskikarol-7049s-projects.vercel.app,dpl_8LJAAsuAooYajc3Te4fpCQKP1vm4,6,arn1,407,4096,,prj_lePpUO0zajFeJ8CzF4GlD0LZK78U,,,01KSPP1T1MG8TF5QFDS6VWGNWE,5WSNUbX8QYGL,1,,
2026-05-28 06:58:47,1779951527963,www.containerboard.eu/login,GET,_rsc=1r34m,200,h5p77-1779951527963-abfa28ca1929,"Mozilla/5.0 (Linux; Android 15; moto g54 5G Build/V1TDS35H.83-20-5-8-2; wv) AppleWebKit/537.36 (KHTML, like Gecko) Version/4.0 Chrome/148.0.7778.120 Mobile Safari/537.36 [FB_IAB/FB4A;FBAV/562.0.0.53.83;]",,production,master,MISS,middleware,/_middleware,www.containerboard.eu,container-board-btgqho7q0-karoltyminskikarol-7049s-projects.vercel.app,dpl_8LJAAsuAooYajc3Te4fpCQKP1vm4,7,arn1,280,4096,,prj_lePpUO0zajFeJ8CzF4GlD0LZK78U,,,01KSPP1T11KJKKR2VZMQXP281H,TESLXH7Facns,1,,
2026-05-28 06:58:47,1779951527946,www.containerboard.eu/login,GET,next=%2Fcontainers%2Fnew&_rsc=1r34m,200,4g878-1779951527946-d18d007dad8c,"Mozilla/5.0 (Linux; Android 15; moto g54 5G Build/V1TDS35H.83-20-5-8-2; wv) AppleWebKit/537.36 (KHTML, like Gecko) Version/4.0 Chrome/148.0.7778.120 Mobile Safari/537.36 [FB_IAB/FB4A;FBAV/562.0.0.53.83;]",,production,master,MISS,middleware,/_middleware,www.containerboard.eu,container-board-btgqho7q0-karoltyminskikarol-7049s-projects.vercel.app,dpl_8LJAAsuAooYajc3Te4fpCQKP1vm4,9,arn1,280,4096,,prj_lePpUO0zajFeJ8CzF4GlD0LZK78U,,,01KSPP1T0FP6BZGDEF05VT2SGK,TESLXH7Facns,1,,
2026-05-28 06:58:47,1779951527946,www.containerboard.eu/login,GET,next=%2Fcontainers%2Fnew&_rsc=1r34m,200,4g878-1779951527946-d18d007dad8c,"Mozilla/5.0 (Linux; Android 15; moto g54 5G Build/V1TDS35H.83-20-5-8-2; wv) AppleWebKit/537.36 (KHTML, like Gecko) Version/4.0 Chrome/148.0.7778.120 Mobile Safari/537.36 [FB_IAB/FB4A;FBAV/562.0.0.53.83;]",,production,master,MISS,function,/login.rsc,www.containerboard.eu,container-board-btgqho7q0-karoltyminskikarol-7049s-projects.vercel.app,dpl_8LJAAsuAooYajc3Te4fpCQKP1vm4,6,arn1,407,4096,,prj_lePpUO0zajFeJ8CzF4GlD0LZK78U,,,01KSPP1T1511ZBHXXCPWVECDPX,5WSNUbX8QYGL,1,,
2026-05-28 06:58:47,1779951527861,www.containerboard.eu/list,GET,_rsc=1r34m,200,9mlnk-1779951527861-8c4b44128609,"Mozilla/5.0 (Linux; Android 15; moto g54 5G Build/V1TDS35H.83-20-5-8-2; wv) AppleWebKit/537.36 (KHTML, like Gecko) Version/4.0 Chrome/148.0.7778.120 Mobile Safari/537.36 [FB_IAB/FB4A;FBAV/562.0.0.53.83;]",,production,master,MISS,function,/list.rsc,www.containerboard.eu,container-board-btgqho7q0-karoltyminskikarol-7049s-projects.vercel.app,dpl_8LJAAsuAooYajc3Te4fpCQKP1vm4,5,arn1,407,4096,,prj_lePpUO0zajFeJ8CzF4GlD0LZK78U,,,01KSPP1T18XGNQ760NE4082W4P,5WSNUbX8QYGL,1,,
2026-05-28 06:58:47,1779951527861,www.containerboard.eu/list,GET,_rsc=1r34m,200,9mlnk-1779951527861-8c4b44128609,"Mozilla/5.0 (Linux; Android 15; moto g54 5G Build/V1TDS35H.83-20-5-8-2; wv) AppleWebKit/537.36 (KHTML, like Gecko) Version/4.0 Chrome/148.0.7778.120 Mobile Safari/537.36 [FB_IAB/FB4A;FBAV/562.0.0.53.83;]",,production,master,MISS,middleware,/_middleware,www.containerboard.eu,container-board-btgqho7q0-karoltyminskikarol-7049s-projects.vercel.app,dpl_8LJAAsuAooYajc3Te4fpCQKP1vm4,433,arn1,277,4096,,prj_lePpUO0zajFeJ8CzF4GlD0LZK78U,,,01KSPP1SXT9WEZBEEG8XRG2KTX,qa9nHc77835x,1,,
2026-05-28 06:58:47,1779951527861,www.containerboard.eu/icon.png,GET,icon.0vzmkqa.q5ihb.png,200,8wjtw-1779951527861-a7e478fb3aec,"Mozilla/5.0 (Linux; Android 15; moto g54 5G Build/V1TDS35H.83-20-5-8-2; wv) AppleWebKit/537.36 (KHTML, like Gecko) Version/4.0 Chrome/148.0.7778.120 Mobile Safari/537.36 [FB_IAB/FB4A;FBAV/562.0.0.53.83;]",,production,master,HIT,middleware,/_middleware,www.containerboard.eu,container-board-btgqho7q0-karoltyminskikarol-7049s-projects.vercel.app,dpl_8LJAAsuAooYajc3Te4fpCQKP1vm4,404,arn1,277,4096,,prj_lePpUO0zajFeJ8CzF4GlD0LZK78U,,,01KSPP1SXSAK0AC80EYFW4K4F7,oHVti0bwxhbh,1,,
2026-05-28 06:58:47,1779951527861,www.containerboard.eu/icon.png,GET,icon.0vzmkqa.q5ihb.png,200,8wjtw-1779951527861-a7e478fb3aec,"Mozilla/5.0 (Linux; Android 15; moto g54 5G Build/V1TDS35H.83-20-5-8-2; wv) AppleWebKit/537.36 (KHTML, like Gecko) Version/4.0 Chrome/148.0.7778.120 Mobile Safari/537.36 [FB_IAB/FB4A;FBAV/562.0.0.53.83;]",,production,master,HIT,static,/icon.png,www.containerboard.eu,container-board-btgqho7q0-karoltyminskikarol-7049s-projects.vercel.app,dpl_8LJAAsuAooYajc3Te4fpCQKP1vm4,112,arn1,,,,prj_lePpUO0zajFeJ8CzF4GlD0LZK78U,,,,,,,
2026-05-28 06:58:47,1779951527861,www.containerboard.eu/privacy-policy,GET,_rsc=1r34m,200,2kqpn-1779951527861-e25db85dd9e6,"Mozilla/5.0 (Linux; Android 15; moto g54 5G Build/V1TDS35H.83-20-5-8-2; wv) AppleWebKit/537.36 (KHTML, like Gecko) Version/4.0 Chrome/148.0.7778.120 Mobile Safari/537.36 [FB_IAB/FB4A;FBAV/562.0.0.53.83;]",,production,master,MISS,function,/privacy-policy.rsc,www.containerboard.eu,container-board-btgqho7q0-karoltyminskikarol-7049s-projects.vercel.app,dpl_8LJAAsuAooYajc3Te4fpCQKP1vm4,5,arn1,407,4096,,prj_lePpUO0zajFeJ8CzF4GlD0LZK78U,,,01KSPP1T2H8ZX1N54P5MA8S8WD,5WSNUbX8QYGL,1,,
2026-05-28 06:58:47,1779951527861,www.containerboard.eu/privacy-policy,GET,_rsc=1r34m,200,2kqpn-1779951527861-e25db85dd9e6,"Mozilla/5.0 (Linux; Android 15; moto g54 5G Build/V1TDS35H.83-20-5-8-2; wv) AppleWebKit/537.36 (KHTML, like Gecko) Version/4.0 Chrome/148.0.7778.120 Mobile Safari/537.36 [FB_IAB/FB4A;FBAV/562.0.0.53.83;]",,production,master,MISS,middleware,/_middleware,www.containerboard.eu,container-board-btgqho7q0-karoltyminskikarol-7049s-projects.vercel.app,dpl_8LJAAsuAooYajc3Te4fpCQKP1vm4,414,arn1,279,4096,,prj_lePpUO0zajFeJ8CzF4GlD0LZK78U,,,01KSPP1SXSAK0AC80EYCPXM83Q,5jxJmgyyU5lb,1,,
2026-05-28 06:58:47,1779951527854,www.containerboard.eu/cookies,GET,_rsc=1r34m,200,h5p77-1779951527854-7aff4fbed01a,"Mozilla/5.0 (Linux; Android 15; moto g54 5G Build/V1TDS35H.83-20-5-8-2; wv) AppleWebKit/537.36 (KHTML, like Gecko) Version/4.0 Chrome/148.0.7778.120 Mobile Safari/537.36 [FB_IAB/FB4A;FBAV/562.0.0.53.83;]",,production,master,MISS,function,/cookies.rsc,www.containerboard.eu,container-board-btgqho7q0-karoltyminskikarol-7049s-projects.vercel.app,dpl_8LJAAsuAooYajc3Te4fpCQKP1vm4,7,arn1,407,4096,,prj_lePpUO0zajFeJ8CzF4GlD0LZK78U,,,01KSPP1SYAMXQ8C2TXB6NWPDSV,5WSNUbX8QYGL,1,,
2026-05-28 06:58:47,1779951527854,www.containerboard.eu/cookies,GET,_rsc=1r34m,200,h5p77-1779951527854-7aff4fbed01a,"Mozilla/5.0 (Linux; Android 15; moto g54 5G Build/V1TDS35H.83-20-5-8-2; wv) AppleWebKit/537.36 (KHTML, like Gecko) Version/4.0 Chrome/148.0.7778.120 Mobile Safari/537.36 [FB_IAB/FB4A;FBAV/562.0.0.53.83;]",,production,master,MISS,middleware,/_middleware,www.containerboard.eu,container-board-btgqho7q0-karoltyminskikarol-7049s-projects.vercel.app,dpl_8LJAAsuAooYajc3Te4fpCQKP1vm4,10,arn1,280,4096,,prj_lePpUO0zajFeJ8CzF4GlD0LZK78U,,,01KSPP1SXKD49A5VDZ0C8Z4S3F,TESLXH7Facns,1,,
2026-05-28 06:58:47,1779951527854,www.containerboard.eu/terms,GET,_rsc=1r34m,200,gjmjf-1779951527854-c23e5da053d9,"Mozilla/5.0 (Linux; Android 15; moto g54 5G Build/V1TDS35H.83-20-5-8-2; wv) AppleWebKit/537.36 (KHTML, like Gecko) Version/4.0 Chrome/148.0.7778.120 Mobile Safari/537.36 [FB_IAB/FB4A;FBAV/562.0.0.53.83;]",,production,master,MISS,middleware,/_middleware,www.containerboard.eu,container-board-btgqho7q0-karoltyminskikarol-7049s-projects.vercel.app,dpl_8LJAAsuAooYajc3Te4fpCQKP1vm4,6,arn1,286,4096,,prj_lePpUO0zajFeJ8CzF4GlD0LZK78U,,,01KSPP1SXKD49A5VDZ0C7SMZ7Y,LHmRGLAaacYO,1,,
2026-05-28 06:58:47,1779951527854,www.containerboard.eu/terms,GET,_rsc=1r34m,200,gjmjf-1779951527854-c23e5da053d9,"Mozilla/5.0 (Linux; Android 15; moto g54 5G Build/V1TDS35H.83-20-5-8-2; wv) AppleWebKit/537.36 (KHTML, like Gecko) Version/4.0 Chrome/148.0.7778.120 Mobile Safari/537.36 [FB_IAB/FB4A;FBAV/562.0.0.53.83;]",,production,master,MISS,function,/terms.rsc,www.containerboard.eu,container-board-btgqho7q0-karoltyminskikarol-7049s-projects.vercel.app,dpl_8LJAAsuAooYajc3Te4fpCQKP1vm4,5,arn1,407,4096,,prj_lePpUO0zajFeJ8CzF4GlD0LZK78U,,,01KSPP1SY793742FD4PN3R74Z9,5WSNUbX8QYGL,1,,
2026-05-28 06:58:47,1779951527324,www.containerboard.eu/api/containers/6a16dda52916c0f26b0a03c5/photos/0,GET,v=1779883429865,200,kwpms-1779951527324-25c7831fa4be,vercel-image-optimization/1.0,,production,master,HIT,middleware,/_middleware,www.containerboard.eu,container-board-btgqho7q0-karoltyminskikarol-7049s-projects.vercel.app,dpl_8LJAAsuAooYajc3Te4fpCQKP1vm4,425,arn1,278,4096,,prj_lePpUO0zajFeJ8CzF4GlD0LZK78U,,,01KSPP1SD4VZ5FZGXW343365D0,TESLXH7Facns,1,,
2026-05-28 06:58:47,1779951527324,www.containerboard.eu/api/containers/6a16dda52916c0f26b0a03c5/photos/0,GET,v=1779883429865,200,kwpms-1779951527324-25c7831fa4be,vercel-image-optimization/1.0,,production,master,HIT,static,/api/containers/[id]/photos/[index],www.containerboard.eu,container-board-btgqho7q0-karoltyminskikarol-7049s-projects.vercel.app,dpl_8LJAAsuAooYajc3Te4fpCQKP1vm4,541,arn1,,,,prj_lePpUO0zajFeJ8CzF4GlD0LZK78U,,,,,,,
2026-05-28 06:58:47,1779951527324,www.containerboard.eu/api/containers/6a16ba61c1e67b895c80eacd/photos/0,GET,v=1779874401949,200,kkml7-1779951527324-999c51334b6e,vercel-image-optimization/1.0,,production,master,HIT,middleware,/_middleware,www.containerboard.eu,container-board-btgqho7q0-karoltyminskikarol-7049s-projects.vercel.app,dpl_8LJAAsuAooYajc3Te4fpCQKP1vm4,7,arn1,286,4096,,prj_lePpUO0zajFeJ8CzF4GlD0LZK78U,,,01KSPP1SDXPTYJJX112WHM2PNH,LHmRGLAaacYO,1,,
2026-05-28 06:58:47,1779951527324,www.containerboard.eu/api/containers/6a16ba61c1e67b895c80eacd/photos/0,GET,v=1779874401949,200,kkml7-1779951527324-999c51334b6e,vercel-image-optimization/1.0,,production,master,HIT,static,/api/containers/[id]/photos/[index],www.containerboard.eu,container-board-btgqho7q0-karoltyminskikarol-7049s-projects.vercel.app,dpl_8LJAAsuAooYajc3Te4fpCQKP1vm4,70,arn1,,,,prj_lePpUO0zajFeJ8CzF4GlD0LZK78U,,,,,,,
2026-05-28 06:58:47,1779951527323,www.containerboard.eu/api/containers/6a1595a3c1218fd90838a2af/photos/0,GET,v=1779799459715,200,gjmjf-1779951527323-59a52fc27a19,vercel-image-optimization/1.0,,production,master,HIT,middleware,/_middleware,www.containerboard.eu,container-board-btgqho7q0-karoltyminskikarol-7049s-projects.vercel.app,dpl_8LJAAsuAooYajc3Te4fpCQKP1vm4,7,arn1,285,4096,,prj_lePpUO0zajFeJ8CzF4GlD0LZK78U,,,01KSPP1SD36SK9AAJR9S1MNF09,LHmRGLAaacYO,1,,
2026-05-28 06:58:47,1779951527323,www.containerboard.eu/api/containers/6a1595a3c1218fd90838a2af/photos/0,GET,v=1779799459715,200,gjmjf-1779951527323-59a52fc27a19,vercel-image-optimization/1.0,,production,master,HIT,static,/api/containers/[id]/photos/[index],www.containerboard.eu,container-board-btgqho7q0-karoltyminskikarol-7049s-projects.vercel.app,dpl_8LJAAsuAooYajc3Te4fpCQKP1vm4,30,arn1,,,,prj_lePpUO0zajFeJ8CzF4GlD0LZK78U,,,,,,,
2026-05-28 06:58:47,1779951527283,www.containerboard.eu/api/containers/6a16c6235a46dccef8b2236c/photos/0,GET,v=1779877411164,200,cdxsc-1779951527283-6ab658f63c9b,vercel-image-optimization/1.0,,production,master,HIT,middleware,/_middleware,www.containerboard.eu,container-board-btgqho7q0-karoltyminskikarol-7049s-projects.vercel.app,dpl_8LJAAsuAooYajc3Te4fpCQKP1vm4,6,arn1,285,4096,,prj_lePpUO0zajFeJ8CzF4GlD0LZK78U,,,01KSPP1SBRVRHN4NSTZZR2EK28,LHmRGLAaacYO,1,,
2026-05-28 06:58:47,1779951527283,www.containerboard.eu/api/containers/6a16c6235a46dccef8b2236c/photos/0,GET,v=1779877411164,200,cdxsc-1779951527283-6ab658f63c9b,vercel-image-optimization/1.0,,production,master,HIT,static,/api/containers/[id]/photos/[index],www.containerboard.eu,container-board-btgqho7q0-karoltyminskikarol-7049s-projects.vercel.app,dpl_8LJAAsuAooYajc3Te4fpCQKP1vm4,57,arn1,,,,prj_lePpUO0zajFeJ8CzF4GlD0LZK78U,,,,,,,
2026-05-28 06:58:47,1779951527278,www.containerboard.eu/api/containers/6a16c0686c094dbdb0ef2230/photos/0,GET,v=1779876174606,200,pcbj8-1779951527278-4e2607bb63f3,vercel-image-optimization/1.0,,production,master,HIT,middleware,/_middleware,www.containerboard.eu,container-board-btgqho7q0-karoltyminskikarol-7049s-projects.vercel.app,dpl_8LJAAsuAooYajc3Te4fpCQKP1vm4,6,arn1,285,4096,,prj_lePpUO0zajFeJ8CzF4GlD0LZK78U,,,01KSPP1SBWY71R2S30FHT7EAE8,LHmRGLAaacYO,1,,
2026-05-28 06:58:47,1779951527278,www.containerboard.eu/api/containers/6a16c0686c094dbdb0ef2230/photos/0,GET,v=1779876174606,200,pcbj8-1779951527278-4e2607bb63f3,vercel-image-optimization/1.0,,production,master,HIT,static,/api/containers/[id]/photos/[index],www.containerboard.eu,container-board-btgqho7q0-karoltyminskikarol-7049s-projects.vercel.app,dpl_8LJAAsuAooYajc3Te4fpCQKP1vm4,54,arn1,,,,prj_lePpUO0zajFeJ8CzF4GlD0LZK78U,,,,,,,
2026-05-28 06:58:47,1779951527274,www.containerboard.eu/api/containers/6a16bc9a6c094dbdb0ef222f/photos/0,GET,v=1779875004048,200,chwwz-1779951527274-e69bd32598ba,vercel-image-optimization/1.0,,production,master,HIT,middleware,/_middleware,www.containerboard.eu,container-board-btgqho7q0-karoltyminskikarol-7049s-projects.vercel.app,dpl_8LJAAsuAooYajc3Te4fpCQKP1vm4,7,arn1,285,4096,,prj_lePpUO0zajFeJ8CzF4GlD0LZK78U,,,01KSPP1SBEFW5PNR01YGMBWXSB,LHmRGLAaacYO,1,,
2026-05-28 06:58:47,1779951527274,www.containerboard.eu/api/containers/6a16bc9a6c094dbdb0ef222f/photos/0,GET,v=1779875004048,200,chwwz-1779951527274-e69bd32598ba,vercel-image-optimization/1.0,,production,master,HIT,static,/api/containers/[id]/photos/[index],www.containerboard.eu,container-board-btgqho7q0-karoltyminskikarol-7049s-projects.vercel.app,dpl_8LJAAsuAooYajc3Te4fpCQKP1vm4,40,arn1,,,,prj_lePpUO0zajFeJ8CzF4GlD0LZK78U,,,,,,,
2026-05-28 06:58:47,1779951527221,www.containerboard.eu/api/containers/6a16bc9a6c094dbdb0ef222f/photos/0,GET,v=1779875004048,200,vb272-1779951527221-dd4cc158f762,"Mozilla/5.0 (Linux; Android 15; moto g54 5G Build/V1TDS35H.83-20-5-8-2; wv) AppleWebKit/537.36 (KHTML, like Gecko) Version/4.0 Chrome/148.0.7778.120 Mobile Safari/537.36 [FB_IAB/FB4A;FBAV/562.0.0.53.83;]",,production,master,MISS,middleware,/_middleware,www.containerboard.eu,container-board-btgqho7q0-karoltyminskikarol-7049s-projects.vercel.app,dpl_8LJAAsuAooYajc3Te4fpCQKP1vm4,6,arn1,286,4096,,prj_lePpUO0zajFeJ8CzF4GlD0LZK78U,,,01KSPP1S9R4HAXCT2EKNSYX1FZ,LHmRGLAaacYO,1,,
2026-05-28 06:58:47,1779951527221,www.containerboard.eu/api/containers/6a16bc9a6c094dbdb0ef222f/photos/0,GET,v=1779875004048,200,vb272-1779951527221-dd4cc158f762,"Mozilla/5.0 (Linux; Android 15; moto g54 5G Build/V1TDS35H.83-20-5-8-2; wv) AppleWebKit/537.36 (KHTML, like Gecko) Version/4.0 Chrome/148.0.7778.120 Mobile Safari/537.36 [FB_IAB/FB4A;FBAV/562.0.0.53.83;]",,production,master,MISS,static,/api/containers/[id]/photos/[index],www.containerboard.eu,container-board-btgqho7q0-karoltyminskikarol-7049s-projects.vercel.app,dpl_8LJAAsuAooYajc3Te4fpCQKP1vm4,136,arn1,,,,prj_lePpUO0zajFeJ8CzF4GlD0LZK78U,,,,,,,
2026-05-28 06:58:47,1779951527221,www.containerboard.eu/api/containers/6a1595a3c1218fd90838a2af/photos/0,GET,v=1779799459715,200,ppt84-1779951527221-175c0c58ed99,"Mozilla/5.0 (Linux; Android 15; moto g54 5G Build/V1TDS35H.83-20-5-8-2; wv) AppleWebKit/537.36 (KHTML, like Gecko) Version/4.0 Chrome/148.0.7778.120 Mobile Safari/537.36 [FB_IAB/FB4A;FBAV/562.0.0.53.83;]",,production,master,MISS,middleware,/_middleware,www.containerboard.eu,container-board-btgqho7q0-karoltyminskikarol-7049s-projects.vercel.app,dpl_8LJAAsuAooYajc3Te4fpCQKP1vm4,6,arn1,283,4096,,prj_lePpUO0zajFeJ8CzF4GlD0LZK78U,,,01KSPP1S9TS0VXFAHM9YAKKQSD,LHmRGLAaacYO,1,,
2026-05-28 06:58:47,1779951527221,www.containerboard.eu/api/containers/6a1595a3c1218fd90838a2af/photos/0,GET,v=1779799459715,200,ppt84-1779951527221-175c0c58ed99,"Mozilla/5.0 (Linux; Android 15; moto g54 5G Build/V1TDS35H.83-20-5-8-2; wv) AppleWebKit/537.36 (KHTML, like Gecko) Version/4.0 Chrome/148.0.7778.120 Mobile Safari/537.36 [FB_IAB/FB4A;FBAV/562.0.0.53.83;]",,production,master,MISS,static,/api/containers/[id]/photos/[index],www.containerboard.eu,container-board-btgqho7q0-karoltyminskikarol-7049s-projects.vercel.app,dpl_8LJAAsuAooYajc3Te4fpCQKP1vm4,163,arn1,,,,prj_lePpUO0zajFeJ8CzF4GlD0LZK78U,,,,,,,
2026-05-28 06:58:47,1779951527221,www.containerboard.eu/api/containers/6a16dda52916c0f26b0a03c5/photos/0,GET,v=1779883429865,200,jnp2z-1779951527221-37de65c4732e,"Mozilla/5.0 (Linux; Android 15; moto g54 5G Build/V1TDS35H.83-20-5-8-2; wv) AppleWebKit/537.36 (KHTML, like Gecko) Version/4.0 Chrome/148.0.7778.120 Mobile Safari/537.36 [FB_IAB/FB4A;FBAV/562.0.0.53.83;]",,production,master,MISS,middleware,/_middleware,www.containerboard.eu,container-board-btgqho7q0-karoltyminskikarol-7049s-projects.vercel.app,dpl_8LJAAsuAooYajc3Te4fpCQKP1vm4,6,arn1,284,4096,,prj_lePpUO0zajFeJ8CzF4GlD0LZK78U,,,01KSPP1S9Y911TV60R4HV5NJFC,LHmRGLAaacYO,1,,
2026-05-28 06:58:47,1779951527221,www.containerboard.eu/api/containers/6a16dda52916c0f26b0a03c5/photos/0,GET,v=1779883429865,200,jnp2z-1779951527221-37de65c4732e,"Mozilla/5.0 (Linux; Android 15; moto g54 5G Build/V1TDS35H.83-20-5-8-2; wv) AppleWebKit/537.36 (KHTML, like Gecko) Version/4.0 Chrome/148.0.7778.120 Mobile Safari/537.36 [FB_IAB/FB4A;FBAV/562.0.0.53.83;]",,production,master,MISS,static,/_next/image,www.containerboard.eu,container-board-btgqho7q0-karoltyminskikarol-7049s-projects.vercel.app,dpl_8LJAAsuAooYajc3Te4fpCQKP1vm4,1,arn1,,,,prj_lePpUO0zajFeJ8CzF4GlD0LZK78U,,,,,,,
2026-05-28 06:58:47,1779951527221,www.containerboard.eu/api/containers/6a16c6235a46dccef8b2236c/photos/0,GET,v=1779877411164,200,h87x7-1779951527221-db36458238ae,"Mozilla/5.0 (Linux; Android 15; moto g54 5G Build/V1TDS35H.83-20-5-8-2; wv) AppleWebKit/537.36 (KHTML, like Gecko) Version/4.0 Chrome/148.0.7778.120 Mobile Safari/537.36 [FB_IAB/FB4A;FBAV/562.0.0.53.83;]",,production,master,MISS,middleware,/_middleware,www.containerboard.eu,container-board-btgqho7q0-karoltyminskikarol-7049s-projects.vercel.app,dpl_8LJAAsuAooYajc3Te4fpCQKP1vm4,7,arn1,283,4096,,prj_lePpUO0zajFeJ8CzF4GlD0LZK78U,,,01KSPP1S9S58060040C77CMJS7,LHmRGLAaacYO,1,,
2026-05-28 06:58:47,1779951527221,www.containerboard.eu/api/containers/6a16c6235a46dccef8b2236c/photos/0,GET,v=1779877411164,200,h87x7-1779951527221-db36458238ae,"Mozilla/5.0 (Linux; Android 15; moto g54 5G Build/V1TDS35H.83-20-5-8-2; wv) AppleWebKit/537.36 (KHTML, like Gecko) Version/4.0 Chrome/148.0.7778.120 Mobile Safari/537.36 [FB_IAB/FB4A;FBAV/562.0.0.53.83;]",,production,master,MISS,static,/api/containers/[id]/photos/[index],www.containerboard.eu,container-board-btgqho7q0-karoltyminskikarol-7049s-projects.vercel.app,dpl_8LJAAsuAooYajc3Te4fpCQKP1vm4,145,arn1,,,,prj_lePpUO0zajFeJ8CzF4GlD0LZK78U,,,,,,,
2026-05-28 06:58:47,1779951527221,www.containerboard.eu/api/containers/6a16ba61c1e67b895c80eacd/photos/0,GET,v=1779874401949,200,8dx4t-1779951527221-1a7c2d58cf92,"Mozilla/5.0 (Linux; Android 15; moto g54 5G Build/V1TDS35H.83-20-5-8-2; wv) AppleWebKit/537.36 (KHTML, like Gecko) Version/4.0 Chrome/148.0.7778.120 Mobile Safari/537.36 [FB_IAB/FB4A;FBAV/562.0.0.53.83;]",,production,master,MISS,middleware,/_middleware,www.containerboard.eu,container-board-btgqho7q0-karoltyminskikarol-7049s-projects.vercel.app,dpl_8LJAAsuAooYajc3Te4fpCQKP1vm4,8,arn1,284,4096,,prj_lePpUO0zajFeJ8CzF4GlD0LZK78U,,,01KSPP1S9Y911TV60R4HWCG77F,LHmRGLAaacYO,1,,
2026-05-28 06:58:47,1779951527221,www.containerboard.eu/api/containers/6a16ba61c1e67b895c80eacd/photos/0,GET,v=1779874401949,200,8dx4t-1779951527221-1a7c2d58cf92,"Mozilla/5.0 (Linux; Android 15; moto g54 5G Build/V1TDS35H.83-20-5-8-2; wv) AppleWebKit/537.36 (KHTML, like Gecko) Version/4.0 Chrome/148.0.7778.120 Mobile Safari/537.36 [FB_IAB/FB4A;FBAV/562.0.0.53.83;]",,production,master,MISS,static,/api/containers/[id]/photos/[index],www.containerboard.eu,container-board-btgqho7q0-karoltyminskikarol-7049s-projects.vercel.app,dpl_8LJAAsuAooYajc3Te4fpCQKP1vm4,229,arn1,,,,prj_lePpUO0zajFeJ8CzF4GlD0LZK78U,,,,,,,
2026-05-28 06:58:47,1779951527212,www.containerboard.eu/api/containers/6a16c0686c094dbdb0ef2230/photos/0,GET,v=1779876174606,200,bbs4x-1779951527212-f7c3eb59cf83,"Mozilla/5.0 (Linux; Android 15; moto g54 5G Build/V1TDS35H.83-20-5-8-2; wv) AppleWebKit/537.36 (KHTML, like Gecko) Version/4.0 Chrome/148.0.7778.120 Mobile Safari/537.36 [FB_IAB/FB4A;FBAV/562.0.0.53.83;]",,production,master,MISS,middleware,/_middleware,www.containerboard.eu,container-board-btgqho7q0-karoltyminskikarol-7049s-projects.vercel.app,dpl_8LJAAsuAooYajc3Te4fpCQKP1vm4,8,arn1,286,4096,,prj_lePpUO0zajFeJ8CzF4GlD0LZK78U,,,01KSPP1S9F7J3NB5CMYQY5TRGD,LHmRGLAaacYO,1,,
2026-05-28 06:58:47,1779951527212,www.containerboard.eu/api/containers/6a16c0686c094dbdb0ef2230/photos/0,GET,v=1779876174606,200,bbs4x-1779951527212-f7c3eb59cf83,"Mozilla/5.0 (Linux; Android 15; moto g54 5G Build/V1TDS35H.83-20-5-8-2; wv) AppleWebKit/537.36 (KHTML, like Gecko) Version/4.0 Chrome/148.0.7778.120 Mobile Safari/537.36 [FB_IAB/FB4A;FBAV/562.0.0.53.83;]",,production,master,MISS,static,/api/containers/[id]/photos/[index],www.containerboard.eu,container-board-btgqho7q0-karoltyminskikarol-7049s-projects.vercel.app,dpl_8LJAAsuAooYajc3Te4fpCQKP1vm4,150,arn1,,,,prj_lePpUO0zajFeJ8CzF4GlD0LZK78U,,,,,,,
2026-05-28 06:58:46,1779951526993,www.containerboard.eu/photos/background.webp,GET,,,bbs4x-1779951526993-aaae18a61493,"Mozilla/5.0 (Linux; Android 15; moto g54 5G Build/V1TDS35H.83-20-5-8-2; wv) AppleWebKit/537.36 (KHTML, like Gecko) Version/4.0 Chrome/148.0.7778.120 Mobile Safari/537.36 [FB_IAB/FB4A;FBAV/562.0.0.53.83;]",,production,,,middleware,/_middleware,www.containerboard.eu,,dpl_8LJAAsuAooYajc3Te4fpCQKP1vm4,8,arn1,285,4096,,prj_lePpUO0zajFeJ8CzF4GlD0LZK78U,,,01KSPP1S2XZ144EVBN3WQWBEGT,LHmRGLAaacYO,1,,
2026-05-28 06:58:46,1779951526781,www.containerboard.eu/,GET,,200,w5gzm-1779951526781-91bf86da6e86,"Mozilla/5.0 (Linux; Android 15; moto g54 5G Build/V1TDS35H.83-20-5-8-2; wv) AppleWebKit/537.36 (KHTML, like Gecko) Version/4.0 Chrome/148.0.7778.120 Mobile Safari/537.36 [FB_IAB/FB4A;FBAV/562.0.0.53.83;]",,production,master,MISS,middleware,/_middleware,www.containerboard.eu,container-board-btgqho7q0-karoltyminskikarol-7049s-projects.vercel.app,dpl_8LJAAsuAooYajc3Te4fpCQKP1vm4,25,arn1,284,4096,,prj_lePpUO0zajFeJ8CzF4GlD0LZK78U,,,01KSPP1RW9PF8CSEXK30JTJP9X,LHmRGLAaacYO,1,,
2026-05-28 06:58:46,1779951526781,www.containerboard.eu/,GET,,200,w5gzm-1779951526781-91bf86da6e86,"Mozilla/5.0 (Linux; Android 15; moto g54 5G Build/V1TDS35H.83-20-5-8-2; wv) AppleWebKit/537.36 (KHTML, like Gecko) Version/4.0 Chrome/148.0.7778.120 Mobile Safari/537.36 [FB_IAB/FB4A;FBAV/562.0.0.53.83;]",,production,master,MISS,function,/,www.containerboard.eu,container-board-btgqho7q0-karoltyminskikarol-7049s-projects.vercel.app,dpl_8LJAAsuAooYajc3Te4fpCQKP1vm4,340,arn1,407,4096,,prj_lePpUO0zajFeJ8CzF4GlD0LZK78U,,,01KSPP1RXVS01BDDCFZZX3H2JK,5WSNUbX8QYGL,1,,
2026-05-28 06:56:58,1779951418246,www.containerboard.eu/photos/placeholder-listing.webp,GET,,200,2zj5j-1779951418246-cf304e2a21dd,facebookexternalhit/1.1 (+http://www.facebook.com/externalhit_uatext.php),,production,master,HIT,middleware,/_middleware,www.containerboard.eu,container-board-btgqho7q0-karoltyminskikarol-7049s-projects.vercel.app,dpl_8LJAAsuAooYajc3Te4fpCQKP1vm4,14,lhr1,283,4096,,prj_lePpUO0zajFeJ8CzF4GlD0LZK78U,,,01KSPNYEWFWZ62FW7YCV59KZGQ,KT96r0BBCiPN,1,,
2026-05-28 06:56:58,1779951418246,www.containerboard.eu/photos/placeholder-listing.webp,GET,,200,2zj5j-1779951418246-cf304e2a21dd,facebookexternalhit/1.1 (+http://www.facebook.com/externalhit_uatext.php),,production,master,HIT,static,/photos/placeholder-listing.webp,www.containerboard.eu,container-board-btgqho7q0-karoltyminskikarol-7049s-projects.vercel.app,dpl_8LJAAsuAooYajc3Te4fpCQKP1vm4,39,lhr1,,,,prj_lePpUO0zajFeJ8CzF4GlD0LZK78U,,,,,,,
2026-05-28 06:56:52,1779951412914,www.containerboard.eu/api/og/containers/69ef57c3e8d323efbc291587,GET,lang=en&v=2026-05-08T10%3A59%3A08.843Z,404,tb9l8-1779951412914-7dac6a9fcf4c,facebookexternalhit/1.1 (+http://www.facebook.com/externalhit_uatext.php),,production,master,MISS,middleware,/_middleware,www.containerboard.eu,container-board-btgqho7q0-karoltyminskikarol-7049s-projects.vercel.app,dpl_8LJAAsuAooYajc3Te4fpCQKP1vm4,448,cle1,282,4096,,prj_lePpUO0zajFeJ8CzF4GlD0LZK78U,,,01KSPNY9PPM8YXEQ65NVC6FHDW,Ad7wy1iOIkBe,1,,
2026-05-28 06:56:52,1779951412914,www.containerboard.eu/api/og/containers/69ef57c3e8d323efbc291587,GET,lang=en&v=2026-05-08T10%3A59%3A08.843Z,404,tb9l8-1779951412914-7dac6a9fcf4c,facebookexternalhit/1.1 (+http://www.facebook.com/externalhit_uatext.php),,production,master,MISS,function,/api/og/containers/[id],www.containerboard.eu,container-board-btgqho7q0-karoltyminskikarol-7049s-projects.vercel.app,dpl_8LJAAsuAooYajc3Te4fpCQKP1vm4,72,dub1,429,4096,,prj_lePpUO0zajFeJ8CzF4GlD0LZK78U,,,01KSPNYADZTY38X7YCMJ569QA7,NGODTyWYY1zL,1,,
2026-05-28 06:54:31,1779951271557,www.containerboard.eu/api/og/containers/6a16c0686c094dbdb0ef2230,GET,lang=en&v=2026-05-27T10%3A02%3A54.606Z,200,h42zn-1779951271557-b610608aa4ec,facebookexternalhit/1.1 (+http://www.facebook.com/externalhit_uatext.php),,production,master,STALE,middleware,/_middleware,www.containerboard.eu,container-board-btgqho7q0-karoltyminskikarol-7049s-projects.vercel.app,dpl_8LJAAsuAooYajc3Te4fpCQKP1vm4,358,lhr1,281,4096,,prj_lePpUO0zajFeJ8CzF4GlD0LZK78U,,,01KSPNSZMHMH5271P9NGGPHVXS,KT96r0BBCiPN,1,,
2026-05-28 06:54:31,1779951271557,www.containerboard.eu/api/og/containers/6a16c0686c094dbdb0ef2230,GET,lang=en&v=2026-05-27T10%3A02%3A54.606Z,200,h42zn-1779951271557-b610608aa4ec,facebookexternalhit/1.1 (+http://www.facebook.com/externalhit_uatext.php),,production,master,STALE,function,/api/og/containers/[id],www.containerboard.eu,container-board-btgqho7q0-karoltyminskikarol-7049s-projects.vercel.app,dpl_8LJAAsuAooYajc3Te4fpCQKP1vm4,2049,dub1,428,4096,,prj_lePpUO0zajFeJ8CzF4GlD0LZK78U,,,01KSPNT03ZJ4Y1JHF81TQZAY7N,NGODTyWYY1zL,1,,
2026-05-28 06:54:31,1779951271557,www.containerboard.eu/api/og/containers/6a16c0686c094dbdb0ef2230,GET,lang=en&v=2026-05-27T10%3A02%3A54.606Z,200,h42zn-1779951271557-b610608aa4ec,facebookexternalhit/1.1 (+http://www.facebook.com/externalhit_uatext.php),,production,master,STALE,static,/api/og/containers/[id],www.containerboard.eu,container-board-btgqho7q0-karoltyminskikarol-7049s-projects.vercel.app,dpl_8LJAAsuAooYajc3Te4fpCQKP1vm4,498,lhr1,,,,prj_lePpUO0zajFeJ8CzF4GlD0LZK78U,,,,,,,
2026-05-28 06:53:40,1779951220716,www.containerboard.eu/api/og/containers/6a16c0686c094dbdb0ef2230,GET,lang=en&v=2026-05-27T10%3A02%3A54.606Z,200,lgwzj-1779951220716-868328fa742b,facebookexternalhit/1.1 (+http://www.facebook.com/externalhit_uatext.php),,production,master,STALE,middleware,/_middleware,www.containerboard.eu,container-board-btgqho7q0-karoltyminskikarol-7049s-projects.vercel.app,dpl_8LJAAsuAooYajc3Te4fpCQKP1vm4,128,fra1,283,4096,,prj_lePpUO0zajFeJ8CzF4GlD0LZK78U,,,01KSPNRDZSSW979CA0VETEEEVB,Fue32y28n0EF,1,,
2026-05-28 06:53:40,1779951220716,www.containerboard.eu/api/og/containers/6a16c0686c094dbdb0ef2230,GET,lang=en&v=2026-05-27T10%3A02%3A54.606Z,200,lgwzj-1779951220716-868328fa742b,facebookexternalhit/1.1 (+http://www.facebook.com/externalhit_uatext.php),,production,master,STALE,function,/api/og/containers/[id],www.containerboard.eu,container-board-btgqho7q0-karoltyminskikarol-7049s-projects.vercel.app,dpl_8LJAAsuAooYajc3Te4fpCQKP1vm4,510,fra1,487,4096,,prj_lePpUO0zajFeJ8CzF4GlD0LZK78U,,,01KSPNRE402JR4ZZJE62C0B079,xvaeiEKVq8tS,1,,
2026-05-28 06:53:40,1779951220716,www.containerboard.eu/api/og/containers/6a16c0686c094dbdb0ef2230,GET,lang=en&v=2026-05-27T10%3A02%3A54.606Z,200,lgwzj-1779951220716-868328fa742b,facebookexternalhit/1.1 (+http://www.facebook.com/externalhit_uatext.php),,production,master,STALE,static,/api/og/containers/[id],www.containerboard.eu,container-board-btgqho7q0-karoltyminskikarol-7049s-projects.vercel.app,dpl_8LJAAsuAooYajc3Te4fpCQKP1vm4,143,fra1,,,,prj_lePpUO0zajFeJ8CzF4GlD0LZK78U,,,,,,,
2026-05-28 06:53:23,1779951203570,www.containerboard.eu/pl/transport-companies/kielce,GET,nxtPlocale=pl&nxtPcity=kielce,200,29mj6-1779951203570-60778c019e79,Mozilla/5.0 (compatible; AhrefsBot/7.0; +http://ahrefs.com/robot/),,production,master,MISS,middleware,/_middleware,www.containerboard.eu,container-board-btgqho7q0-karoltyminskikarol-7049s-projects.vercel.app,dpl_8LJAAsuAooYajc3Te4fpCQKP1vm4,361,cdg1,277,4096,,prj_lePpUO0zajFeJ8CzF4GlD0LZK78U,,,01KSPNQX907VWPA3W8KFZ18GE8,fD4qRr7LfYoa,1,,
2026-05-28 06:53:23,1779951203570,www.containerboard.eu/pl/transport-companies/kielce,GET,nxtPlocale=pl&nxtPcity=kielce,200,29mj6-1779951203570-60778c019e79,Mozilla/5.0 (compatible; AhrefsBot/7.0; +http://ahrefs.com/robot/),,production,master,MISS,function,/[locale]/transport-companies/[city],www.containerboard.eu,container-board-btgqho7q0-karoltyminskikarol-7049s-projects.vercel.app,dpl_8LJAAsuAooYajc3Te4fpCQKP1vm4,156,fra1,487,4096,,prj_lePpUO0zajFeJ8CzF4GlD0LZK78U,,,01KSPNQXSF2YKDY0MM9QQV3P0Y,xvaeiEKVq8tS,1,,
2026-05-28 06:51:28,1779951088016,www.containerboard.eu/photos/placeholder-listing.webp,GET,,200,drb6q-1779951088016-2e70c5ada8fb,facebookexternalhit/1.1 (+http://www.facebook.com/externalhit_uatext.php),,production,master,HIT,middleware,/_middleware,www.containerboard.eu,container-board-btgqho7q0-karoltyminskikarol-7049s-projects.vercel.app,dpl_8LJAAsuAooYajc3Te4fpCQKP1vm4,442,lhr1,281,4096,,prj_lePpUO0zajFeJ8CzF4GlD0LZK78U,,,01KSPNMCDJBPQ34Z1X4Z8BR0VZ,9eNta8a9kGn9,1,,
2026-05-28 06:51:28,1779951088016,www.containerboard.eu/photos/placeholder-listing.webp,GET,,200,drb6q-1779951088016-2e70c5ada8fb,facebookexternalhit/1.1 (+http://www.facebook.com/externalhit_uatext.php),,production,master,HIT,static,/photos/placeholder-listing.webp,www.containerboard.eu,container-board-btgqho7q0-karoltyminskikarol-7049s-projects.vercel.app,dpl_8LJAAsuAooYajc3Te4fpCQKP1vm4,616,lhr1,,,,prj_lePpUO0zajFeJ8CzF4GlD0LZK78U,,,,,,,
2026-05-28 06:43:12,1779950592963,www.containerboard.eu/,GET,,200,tffp9-1779950592963-82b95befc148,"Mozilla/5.0 (iPhone; CPU iPhone OS 13_2_3 like Mac OS X) AppleWebKit/605.1.15 (KHTML, like Gecko) Version/13.0.3 Mobile/15E148 Safari/604.1",,production,master,MISS,middleware,/_middleware,www.containerboard.eu,container-board-btgqho7q0-karoltyminskikarol-7049s-projects.vercel.app,dpl_8LJAAsuAooYajc3Te4fpCQKP1vm4,655,hnd1,300,4096,,prj_lePpUO0zajFeJ8CzF4GlD0LZK78U,,,01KSPN599TVTD03Y7GWW7H2HC7,d47QtDunVXwc,1,,
2026-05-28 06:43:12,1779950592963,www.containerboard.eu/,GET,,200,tffp9-1779950592963-82b95befc148,"Mozilla/5.0 (iPhone; CPU iPhone OS 13_2_3 like Mac OS X) AppleWebKit/605.1.15 (KHTML, like Gecko) Version/13.0.3 Mobile/15E148 Safari/604.1",,production,master,MISS,function,/,www.containerboard.eu,container-board-btgqho7q0-karoltyminskikarol-7049s-projects.vercel.app,dpl_8LJAAsuAooYajc3Te4fpCQKP1vm4,41,dub1,495,4096,,prj_lePpUO0zajFeJ8CzF4GlD0LZK78U,,,01KSPN5AA5DPXJ7VWXKE59469R,RG0b7VEJt0QN,1,,
2026-05-28 06:43:04,1779950584846,www.containerboard.eu/,GET,,200,t89st-1779950584846-e3c144a7dde1,"Mozilla/5.0 AppleWebKit/537.36 (KHTML, like Gecko; compatible; Claude-User/1.0; +claude-user@anthropic.com)",,production,master,MISS,middleware,/_middleware,www.containerboard.eu,container-board-btgqho7q0-karoltyminskikarol-7049s-projects.vercel.app,dpl_8LJAAsuAooYajc3Te4fpCQKP1vm4,8,iad1,284,4096,,prj_lePpUO0zajFeJ8CzF4GlD0LZK78U,,,01KSPN510V9DRJYK108K2Q5N3T,CckM1sBQLyBT,1,,
2026-05-28 06:43:04,1779950584846,www.containerboard.eu/,GET,,200,t89st-1779950584846-e3c144a7dde1,"Mozilla/5.0 AppleWebKit/537.36 (KHTML, like Gecko; compatible; Claude-User/1.0; +claude-user@anthropic.com)",,production,master,MISS,function,/,www.containerboard.eu,container-board-btgqho7q0-karoltyminskikarol-7049s-projects.vercel.app,dpl_8LJAAsuAooYajc3Te4fpCQKP1vm4,155,dub1,494,4096,,prj_lePpUO0zajFeJ8CzF4GlD0LZK78U,,,01KSPN514F79VEJXHSWJ6KZT8T,RG0b7VEJt0QN,1,,
2026-05-28 06:43:04,1779950584544,www.containerboard.eu/robots.txt,GET,,200,9b5ch-1779950584544-c13999f01c37,"Mozilla/5.0 AppleWebKit/537.36 (KHTML, like Gecko; compatible; Claude-User/1.0; +claude-user@anthropic.com)",,production,master,HIT,middleware,/_middleware,www.containerboard.eu,container-board-btgqho7q0-karoltyminskikarol-7049s-projects.vercel.app,dpl_8LJAAsuAooYajc3Te4fpCQKP1vm4,33,iad1,284,4096,,prj_lePpUO0zajFeJ8CzF4GlD0LZK78U,,,01KSPN50QDH4GRB36QSG3NDPHW,CckM1sBQLyBT,1,,
2026-05-28 06:43:04,1779950584544,www.containerboard.eu/robots.txt,GET,,200,9b5ch-1779950584544-c13999f01c37,"Mozilla/5.0 AppleWebKit/537.36 (KHTML, like Gecko; compatible; Claude-User/1.0; +claude-user@anthropic.com)",,production,master,HIT,static,/robots.txt,www.containerboard.eu,container-board-btgqho7q0-karoltyminskikarol-7049s-projects.vercel.app,dpl_8LJAAsuAooYajc3Te4fpCQKP1vm4,51,iad1,,,,prj_lePpUO0zajFeJ8CzF4GlD0LZK78U,,,,,,,
2026-05-28 06:42:45,1779950565459,www.containerboard.eu/pl/containers/6a16c0686c094dbdb0ef2230,GET,_rsc=p37cr&nxtPlocale=pl&nxtPid=6a16c0686c094dbdb0ef2230,200,rz48t-1779950565459-184c5c518b8f,"Mozilla/5.0 (X11; Linux x86_64) AppleWebKit/537.36 (KHTML, like Gecko) Chrome/148.0.0.0 Safari/537.36",,production,master,MISS,function,/[locale]/containers/[id].rsc,www.containerboard.eu,container-board-btgqho7q0-karoltyminskikarol-7049s-projects.vercel.app,dpl_8LJAAsuAooYajc3Te4fpCQKP1vm4,223,arn1,365,4096,,prj_lePpUO0zajFeJ8CzF4GlD0LZK78U,,,01KSPN4E0ZYM81EY64RPJ3K2SE,5WSNUbX8QYGL,2,,
2026-05-28 06:42:45,1779950565459,www.containerboard.eu/pl/containers/6a16c0686c094dbdb0ef2230,GET,_rsc=p37cr&nxtPlocale=pl&nxtPid=6a16c0686c094dbdb0ef2230,200,rz48t-1779950565459-184c5c518b8f,"Mozilla/5.0 (X11; Linux x86_64) AppleWebKit/537.36 (KHTML, like Gecko) Chrome/148.0.0.0 Safari/537.36",,production,master,MISS,middleware,/_middleware,www.containerboard.eu,container-board-btgqho7q0-karoltyminskikarol-7049s-projects.vercel.app,dpl_8LJAAsuAooYajc3Te4fpCQKP1vm4,6,arn1,287,4096,,prj_lePpUO0zajFeJ8CzF4GlD0LZK78U,,,01KSPN4E2R4MYBWSR2HN4FY6B2,x3BRWK8NDVAh,1,,
2026-05-28 06:42:45,1779950565400,www.containerboard.eu/pl/containers/6a16c6235a46dccef8b2236c,GET,_rsc=p37cr&nxtPlocale=pl&nxtPid=6a16c6235a46dccef8b2236c,200,h5p77-1779950565400-915c36757849,"Mozilla/5.0 (X11; Linux x86_64) AppleWebKit/537.36 (KHTML, like Gecko) Chrome/148.0.0.0 Safari/537.36",,production,master,MISS,function,/[locale]/containers/[id].rsc,www.containerboard.eu,container-board-btgqho7q0-karoltyminskikarol-7049s-projects.vercel.app,dpl_8LJAAsuAooYajc3Te4fpCQKP1vm4,64,arn1,418,4096,,prj_lePpUO0zajFeJ8CzF4GlD0LZK78U,,,01KSPN4E1GKHTJBX5JZ9BFRBM1,mq1T86Lkynw3,1,,
2026-05-28 06:42:45,1779950565400,www.containerboard.eu/pl/containers/6a16c6235a46dccef8b2236c,GET,_rsc=p37cr&nxtPlocale=pl&nxtPid=6a16c6235a46dccef8b2236c,200,h5p77-1779950565400-915c36757849,"Mozilla/5.0 (X11; Linux x86_64) AppleWebKit/537.36 (KHTML, like Gecko) Chrome/148.0.0.0 Safari/537.36",,production,master,MISS,middleware,/_middleware,www.containerboard.eu,container-board-btgqho7q0-karoltyminskikarol-7049s-projects.vercel.app,dpl_8LJAAsuAooYajc3Te4fpCQKP1vm4,6,arn1,287,4096,,prj_lePpUO0zajFeJ8CzF4GlD0LZK78U,,,01KSPN4E0XQ4XSAB44KP82E0JJ,x3BRWK8NDVAh,1,,
2026-05-28 06:42:45,1779950565386,www.containerboard.eu/pl/containers/6a16bc9a6c094dbdb0ef222f,GET,_rsc=p37cr,200,plbt8-1779950565386-bb4f5d3b613f,"Mozilla/5.0 (X11; Linux x86_64) AppleWebKit/537.36 (KHTML, like Gecko) Chrome/148.0.0.0 Safari/537.36",,production,master,MISS,middleware,/_middleware,www.containerboard.eu,container-board-btgqho7q0-karoltyminskikarol-7049s-projects.vercel.app,dpl_8LJAAsuAooYajc3Te4fpCQKP1vm4,5,arn1,287,4096,,prj_lePpUO0zajFeJ8CzF4GlD0LZK78U,,,01KSPN4E0E9VBWQ36PY194SDB3,x3BRWK8NDVAh,1,,
2026-05-28 06:42:45,1779950565386,www.containerboard.eu/pl/containers/6a16bc9a6c094dbdb0ef222f,GET,_rsc=p37cr,200,plbt8-1779950565386-bb4f5d3b613f,"Mozilla/5.0 (X11; Linux x86_64) AppleWebKit/537.36 (KHTML, like Gecko) Chrome/148.0.0.0 Safari/537.36",,production,master,MISS,function,/[locale]/containers/[id].rsc,www.containerboard.eu,container-board-btgqho7q0-karoltyminskikarol-7049s-projects.vercel.app,dpl_8LJAAsuAooYajc3Te4fpCQKP1vm4,287,arn1,365,4096,,prj_lePpUO0zajFeJ8CzF4GlD0LZK78U,,,01KSPN4E0ZYM81EY64RPJ3K2SE,5WSNUbX8QYGL,2,,
2026-05-28 06:42:45,1779950565336,www.containerboard.eu/api/containers/6a16c0686c094dbdb0ef2230/photos/0,GET,v=1779876174606,200,vb272-1779950565336-25031d4443e2,vercel-image-optimization/1.0,,production,master,HIT,middleware,/_middleware,www.containerboard.eu,container-board-btgqho7q0-karoltyminskikarol-7049s-projects.vercel.app,dpl_8LJAAsuAooYajc3Te4fpCQKP1vm4,6,arn1,287,4096,,prj_lePpUO0zajFeJ8CzF4GlD0LZK78U,,,01KSPN4DYWF8Z2545DD5N9VPD0,x3BRWK8NDVAh,1,,
2026-05-28 06:42:45,1779950565336,www.containerboard.eu/api/containers/6a16c0686c094dbdb0ef2230/photos/0,GET,v=1779876174606,200,vb272-1779950565336-25031d4443e2,vercel-image-optimization/1.0,,production,master,HIT,static,/api/containers/[id]/photos/[index],www.containerboard.eu,container-board-btgqho7q0-karoltyminskikarol-7049s-projects.vercel.app,dpl_8LJAAsuAooYajc3Te4fpCQKP1vm4,23,arn1,,,,prj_lePpUO0zajFeJ8CzF4GlD0LZK78U,,,,,,,
2026-05-28 06:42:45,1779950565327,www.containerboard.eu/api/containers/6a16ba61c1e67b895c80eacd/photos/0,GET,v=1779874401949,200,jnp2z-1779950565327-8ae445f599c8,vercel-image-optimization/1.0,,production,master,HIT,middleware,/_middleware,www.containerboard.eu,container-board-btgqho7q0-karoltyminskikarol-7049s-projects.vercel.app,dpl_8LJAAsuAooYajc3Te4fpCQKP1vm4,8,arn1,280,4096,,prj_lePpUO0zajFeJ8CzF4GlD0LZK78U,,,01KSPN4DYN98VJV4GDFEVX7XT5,LHmRGLAaacYO,1,,
2026-05-28 06:42:45,1779950565327,www.containerboard.eu/api/containers/6a16ba61c1e67b895c80eacd/photos/0,GET,v=1779874401949,200,jnp2z-1779950565327-8ae445f599c8,vercel-image-optimization/1.0,,production,master,HIT,static,/api/containers/[id]/photos/[index],www.containerboard.eu,container-board-btgqho7q0-karoltyminskikarol-7049s-projects.vercel.app,dpl_8LJAAsuAooYajc3Te4fpCQKP1vm4,27,arn1,,,,prj_lePpUO0zajFeJ8CzF4GlD0LZK78U,,,,,,,
2026-05-28 06:42:45,1779950565326,www.containerboard.eu/api/containers/6a1595a3c1218fd90838a2af/photos/0,GET,v=1779799459715,200,qjd8x-1779950565326-455fcc92baf1,vercel-image-optimization/1.0,,production,master,HIT,middleware,/_middleware,www.containerboard.eu,container-board-btgqho7q0-karoltyminskikarol-7049s-projects.vercel.app,dpl_8LJAAsuAooYajc3Te4fpCQKP1vm4,6,arn1,290,4096,,prj_lePpUO0zajFeJ8CzF4GlD0LZK78U,,,01KSPN4DYKPZHJ40S4YQ0S26BT,Fc0STGZLUxSm,1,,
2026-05-28 06:42:45,1779950565326,www.containerboard.eu/api/containers/6a1595a3c1218fd90838a2af/photos/0,GET,v=1779799459715,200,qjd8x-1779950565326-455fcc92baf1,vercel-image-optimization/1.0,,production,master,HIT,static,/api/containers/[id]/photos/[index],www.containerboard.eu,container-board-btgqho7q0-karoltyminskikarol-7049s-projects.vercel.app,dpl_8LJAAsuAooYajc3Te4fpCQKP1vm4,24,arn1,,,,prj_lePpUO0zajFeJ8CzF4GlD0LZK78U,,,,,,,
2026-05-28 06:42:45,1779950565325,www.containerboard.eu/api/containers/6a16bc9a6c094dbdb0ef222f/photos/0,GET,v=1779875004048,200,bbs4x-1779950565325-012986b117f0,vercel-image-optimization/1.0,,production,master,HIT,middleware,/_middleware,www.containerboard.eu,container-board-btgqho7q0-karoltyminskikarol-7049s-projects.vercel.app,dpl_8LJAAsuAooYajc3Te4fpCQKP1vm4,9,arn1,278,4096,,prj_lePpUO0zajFeJ8CzF4GlD0LZK78U,,,01KSPN4DYH150BVX2VYP292WEZ,28E9AdcL0nT4,1,,
2026-05-28 06:42:45,1779950565325,www.containerboard.eu/api/containers/6a16bc9a6c094dbdb0ef222f/photos/0,GET,v=1779875004048,200,bbs4x-1779950565325-012986b117f0,vercel-image-optimization/1.0,,production,master,HIT,static,/api/containers/[id]/photos/[index],www.containerboard.eu,container-board-btgqho7q0-karoltyminskikarol-7049s-projects.vercel.app,dpl_8LJAAsuAooYajc3Te4fpCQKP1vm4,26,arn1,,,,prj_lePpUO0zajFeJ8CzF4GlD0LZK78U,,,,,,,
2026-05-28 06:42:45,1779950565324,www.containerboard.eu/api/containers/6a16c6235a46dccef8b2236c/photos/0,GET,v=1779877411164,200,g2vd7-1779950565324-d1ceb7870596,vercel-image-optimization/1.0,,production,master,HIT,middleware,/_middleware,www.containerboard.eu,container-board-btgqho7q0-karoltyminskikarol-7049s-projects.vercel.app,dpl_8LJAAsuAooYajc3Te4fpCQKP1vm4,7,arn1,283,4096,,prj_lePpUO0zajFeJ8CzF4GlD0LZK78U,,,01KSPN4DYWF8Z2545DD3GE33YT,jGrrjHm14wnZ,1,,
2026-05-28 06:42:45,1779950565324,www.containerboard.eu/api/containers/6a16c6235a46dccef8b2236c/photos/0,GET,v=1779877411164,200,g2vd7-1779950565324-d1ceb7870596,vercel-image-optimization/1.0,,production,master,HIT,static,/api/containers/[id]/photos/[index],www.containerboard.eu,container-board-btgqho7q0-karoltyminskikarol-7049s-projects.vercel.app,dpl_8LJAAsuAooYajc3Te4fpCQKP1vm4,34,arn1,,,,prj_lePpUO0zajFeJ8CzF4GlD0LZK78U,,,,,,,
2026-05-28 06:42:45,1779950565291,www.containerboard.eu/pl/containers/6a16c6235a46dccef8b2236c,GET,_rsc=1r34m,200,qmnq2-1779950565291-f84d9aa84bb3,"Mozilla/5.0 (X11; Linux x86_64) AppleWebKit/537.36 (KHTML, like Gecko) Chrome/148.0.0.0 Safari/537.36",,production,master,MISS,middleware,/_middleware,www.containerboard.eu,container-board-btgqho7q0-karoltyminskikarol-7049s-projects.vercel.app,dpl_8LJAAsuAooYajc3Te4fpCQKP1vm4,5,arn1,283,4096,,prj_lePpUO0zajFeJ8CzF4GlD0LZK78U,,,01KSPN4DXH69RF7R18H7XAB0QF,jGrrjHm14wnZ,1,,
2026-05-28 06:42:45,1779950565291,www.containerboard.eu/pl/containers/6a16c6235a46dccef8b2236c,GET,_rsc=1r34m,200,qmnq2-1779950565291-f84d9aa84bb3,"Mozilla/5.0 (X11; Linux x86_64) AppleWebKit/537.36 (KHTML, like Gecko) Chrome/148.0.0.0 Safari/537.36",,production,master,MISS,function,/[locale]/containers/[id].rsc,www.containerboard.eu,container-board-btgqho7q0-karoltyminskikarol-7049s-projects.vercel.app,dpl_8LJAAsuAooYajc3Te4fpCQKP1vm4,21,arn1,361,4096,,prj_lePpUO0zajFeJ8CzF4GlD0LZK78U,,,01KSPN4DY5WYMNTFQCXE859YZ6,njOXOBdF0sl5,1,,
2026-05-28 06:42:45,1779950565286,www.containerboard.eu/pl/containers/6a16c0686c094dbdb0ef2230,GET,_rsc=1r34m,200,tgs7p-1779950565286-31b7687c786f,"Mozilla/5.0 (X11; Linux x86_64) AppleWebKit/537.36 (KHTML, like Gecko) Chrome/148.0.0.0 Safari/537.36",,production,master,MISS,middleware,/_middleware,www.containerboard.eu,container-board-btgqho7q0-karoltyminskikarol-7049s-projects.vercel.app,dpl_8LJAAsuAooYajc3Te4fpCQKP1vm4,5,arn1,290,4096,,prj_lePpUO0zajFeJ8CzF4GlD0LZK78U,,,01KSPN4DXN21S92JKH4NEA4N8H,Fc0STGZLUxSm,1,,
2026-05-28 06:42:45,1779950565286,www.containerboard.eu/pl/containers/6a16c0686c094dbdb0ef2230,GET,_rsc=1r34m,200,tgs7p-1779950565286-31b7687c786f,"Mozilla/5.0 (X11; Linux x86_64) AppleWebKit/537.36 (KHTML, like Gecko) Chrome/148.0.0.0 Safari/537.36",,production,master,MISS,function,/[locale]/containers/[id].rsc,www.containerboard.eu,container-board-btgqho7q0-karoltyminskikarol-7049s-projects.vercel.app,dpl_8LJAAsuAooYajc3Te4fpCQKP1vm4,70,arn1,362,4096,,prj_lePpUO0zajFeJ8CzF4GlD0LZK78U,,,01KSPN4DYCHVBYVS8VDRSXT9CT,5WSNUbX8QYGL,1,,
2026-05-28 06:42:45,1779950565284,www.containerboard.eu/pl/containers/6a16bc9a6c094dbdb0ef222f,GET,_rsc=1r34m&nxtPlocale=pl&nxtPid=6a16bc9a6c094dbdb0ef222f,200,trzsf-1779950565284-b8383efe1ac0,"Mozilla/5.0 (X11; Linux x86_64) AppleWebKit/537.36 (KHTML, like Gecko) Chrome/148.0.0.0 Safari/537.36",,production,master,MISS,function,/[locale]/containers/[id].rsc,www.containerboard.eu,container-board-btgqho7q0-karoltyminskikarol-7049s-projects.vercel.app,dpl_8LJAAsuAooYajc3Te4fpCQKP1vm4,20,arn1,418,4096,,prj_lePpUO0zajFeJ8CzF4GlD0LZK78U,,,01KSPN4DYAQ7FXMPZ1V0YQCS1R,mq1T86Lkynw3,1,,
2026-05-28 06:42:45,1779950565284,www.containerboard.eu/pl/containers/6a16bc9a6c094dbdb0ef222f,GET,_rsc=1r34m&nxtPlocale=pl&nxtPid=6a16bc9a6c094dbdb0ef222f,200,trzsf-1779950565284-b8383efe1ac0,"Mozilla/5.0 (X11; Linux x86_64) AppleWebKit/537.36 (KHTML, like Gecko) Chrome/148.0.0.0 Safari/537.36",,production,master,MISS,middleware,/_middleware,www.containerboard.eu,container-board-btgqho7q0-karoltyminskikarol-7049s-projects.vercel.app,dpl_8LJAAsuAooYajc3Te4fpCQKP1vm4,18,arn1,278,4096,,prj_lePpUO0zajFeJ8CzF4GlD0LZK78U,,,01KSPN4DX9Y3Y3KKBJ1DMWZZ7Z,28E9AdcL0nT4,1,,
2026-05-28 06:42:45,1779950565280,www.containerboard.eu/api/containers/6a16ba61c1e67b895c80eacd/photos/0,GET,v=1779874401949,200,j9dvt-1779950565280-f4df3fc5ea38,"Mozilla/5.0 (X11; Linux x86_64) AppleWebKit/537.36 (KHTML, like Gecko) Chrome/148.0.0.0 Safari/537.36",,production,master,MISS,middleware,/_middleware,www.containerboard.eu,container-board-btgqho7q0-karoltyminskikarol-7049s-projects.vercel.app,dpl_8LJAAsuAooYajc3Te4fpCQKP1vm4,8,arn1,283,4096,,prj_lePpUO0zajFeJ8CzF4GlD0LZK78U,,,01KSPN4DX4T487265B6SX7KXTH,jGrrjHm14wnZ,1,,
2026-05-28 06:42:45,1779950565280,www.containerboard.eu/api/containers/6a16ba61c1e67b895c80eacd/photos/0,GET,v=1779874401949,200,j9dvt-1779950565280-f4df3fc5ea38,"Mozilla/5.0 (X11; Linux x86_64) AppleWebKit/537.36 (KHTML, like Gecko) Chrome/148.0.0.0 Safari/537.36",,production,master,MISS,static,/_next/image,www.containerboard.eu,container-board-btgqho7q0-karoltyminskikarol-7049s-projects.vercel.app,dpl_8LJAAsuAooYajc3Te4fpCQKP1vm4,101,arn1,,,,prj_lePpUO0zajFeJ8CzF4GlD0LZK78U,,,,,,,
2026-05-28 06:42:45,1779950565280,www.containerboard.eu/api/containers/6a1595a3c1218fd90838a2af/photos/0,GET,v=1779799459715,200,4pzbb-1779950565280-9b60a87f5f8f,"Mozilla/5.0 (X11; Linux x86_64) AppleWebKit/537.36 (KHTML, like Gecko) Chrome/148.0.0.0 Safari/537.36",,production,master,MISS,middleware,/_middleware,www.containerboard.eu,container-board-btgqho7q0-karoltyminskikarol-7049s-projects.vercel.app,dpl_8LJAAsuAooYajc3Te4fpCQKP1vm4,6,arn1,287,4096,,prj_lePpUO0zajFeJ8CzF4GlD0LZK78U,,,01KSPN4DX52TNWE7ZBDYDRD0X1,x3BRWK8NDVAh,1,,
2026-05-28 06:42:45,1779950565280,www.containerboard.eu/api/containers/6a1595a3c1218fd90838a2af/photos/0,GET,v=1779799459715,200,4pzbb-1779950565280-9b60a87f5f8f,"Mozilla/5.0 (X11; Linux x86_64) AppleWebKit/537.36 (KHTML, like Gecko) Chrome/148.0.0.0 Safari/537.36",,production,master,MISS,static,/api/containers/[id]/photos/[index],www.containerboard.eu,container-board-btgqho7q0-karoltyminskikarol-7049s-projects.vercel.app,dpl_8LJAAsuAooYajc3Te4fpCQKP1vm4,92,arn1,,,,prj_lePpUO0zajFeJ8CzF4GlD0LZK78U,,,,,,,
2026-05-28 06:42:45,1779950565278,www.containerboard.eu/api/containers/6a16c0686c094dbdb0ef2230/photos/0,GET,v=1779876174606,200,t2pwd-1779950565278-254b5124ecef,"Mozilla/5.0 (X11; Linux x86_64) AppleWebKit/537.36 (KHTML, like Gecko) Chrome/148.0.0.0 Safari/537.36",,production,master,MISS,middleware,/_middleware,www.containerboard.eu,container-board-btgqho7q0-karoltyminskikarol-7049s-projects.vercel.app,dpl_8LJAAsuAooYajc3Te4fpCQKP1vm4,20,arn1,283,4096,,prj_lePpUO0zajFeJ8CzF4GlD0LZK78U,,,01KSPN4DX52TNWE7ZBDYKY729A,LHmRGLAaacYO,1,,
2026-05-28 06:42:45,1779950565278,www.containerboard.eu/api/containers/6a16c0686c094dbdb0ef2230/photos/0,GET,v=1779876174606,200,t2pwd-1779950565278-254b5124ecef,"Mozilla/5.0 (X11; Linux x86_64) AppleWebKit/537.36 (KHTML, like Gecko) Chrome/148.0.0.0 Safari/537.36",,production,master,MISS,static,/api/containers/[id]/photos/[index],www.containerboard.eu,container-board-btgqho7q0-karoltyminskikarol-7049s-projects.vercel.app,dpl_8LJAAsuAooYajc3Te4fpCQKP1vm4,105,arn1,,,,prj_lePpUO0zajFeJ8CzF4GlD0LZK78U,,,,,,,
2026-05-28 06:42:45,1779950565278,www.containerboard.eu/api/containers/6a16c6235a46dccef8b2236c/photos/0,GET,v=1779877411164,200,plbt8-1779950565278-00a84e0fb8a3,"Mozilla/5.0 (X11; Linux x86_64) AppleWebKit/537.36 (KHTML, like Gecko) Chrome/148.0.0.0 Safari/537.36",,production,master,MISS,middleware,/_middleware,www.containerboard.eu,container-board-btgqho7q0-karoltyminskikarol-7049s-projects.vercel.app,dpl_8LJAAsuAooYajc3Te4fpCQKP1vm4,6,arn1,290,4096,,prj_lePpUO0zajFeJ8CzF4GlD0LZK78U,,,01KSPN4DX6JWNTTB6NEDGF50ZZ,Fc0STGZLUxSm,1,,
2026-05-28 06:42:45,1779950565278,www.containerboard.eu/api/containers/6a16c6235a46dccef8b2236c/photos/0,GET,v=1779877411164,200,plbt8-1779950565278-00a84e0fb8a3,"Mozilla/5.0 (X11; Linux x86_64) AppleWebKit/537.36 (KHTML, like Gecko) Chrome/148.0.0.0 Safari/537.36",,production,master,MISS,static,/_next/image,www.containerboard.eu,container-board-btgqho7q0-karoltyminskikarol-7049s-projects.vercel.app,dpl_8LJAAsuAooYajc3Te4fpCQKP1vm4,106,arn1,,,,prj_lePpUO0zajFeJ8CzF4GlD0LZK78U,,,,,,,
2026-05-28 06:42:45,1779950565278,www.containerboard.eu/api/containers/6a16bc9a6c094dbdb0ef222f/photos/0,GET,v=1779875004048,200,ncd7b-1779950565278-9605f52ff884,"Mozilla/5.0 (X11; Linux x86_64) AppleWebKit/537.36 (KHTML, like Gecko) Chrome/148.0.0.0 Safari/537.36",,production,master,MISS,middleware,/_middleware,www.containerboard.eu,container-board-btgqho7q0-karoltyminskikarol-7049s-projects.vercel.app,dpl_8LJAAsuAooYajc3Te4fpCQKP1vm4,6,arn1,286,4096,,prj_lePpUO0zajFeJ8CzF4GlD0LZK78U,,,01KSPN4DX3XVSTVS16YNXM71HS,lKM52kxNOV9m,1,,
2026-05-28 06:42:45,1779950565278,www.containerboard.eu/api/containers/6a16bc9a6c094dbdb0ef222f/photos/0,GET,v=1779875004048,200,ncd7b-1779950565278-9605f52ff884,"Mozilla/5.0 (X11; Linux x86_64) AppleWebKit/537.36 (KHTML, like Gecko) Chrome/148.0.0.0 Safari/537.36",,production,master,MISS,static,/api/containers/[id]/photos/[index],www.containerboard.eu,container-board-btgqho7q0-karoltyminskikarol-7049s-projects.vercel.app,dpl_8LJAAsuAooYajc3Te4fpCQKP1vm4,103,arn1,,,,prj_lePpUO0zajFeJ8CzF4GlD0LZK78U,,,,,,,
2026-05-28 06:42:45,1779950565205,www.containerboard.eu/photos/background.webp,GET,,,qmnq2-1779950565205-6ecf3f48c2f5,"Mozilla/5.0 (X11; Linux x86_64) AppleWebKit/537.36 (KHTML, like Gecko) Chrome/148.0.0.0 Safari/537.36",,production,,,middleware,/_middleware,www.containerboard.eu,,dpl_8LJAAsuAooYajc3Te4fpCQKP1vm4,6,arn1,286,4096,,prj_lePpUO0zajFeJ8CzF4GlD0LZK78U,,,01KSPN4DTTN3GMN17YYBC8YXY6,lKM52kxNOV9m,1,,
2026-05-28 06:42:45,1779950565048,www.containerboard.eu/,GET,_rsc=19ddl,200,x5tdd-1779950565048-3010403d6bbe,"Mozilla/5.0 (X11; Linux x86_64) AppleWebKit/537.36 (KHTML, like Gecko) Chrome/148.0.0.0 Safari/537.36",,production,master,MISS,middleware,/_middleware,www.containerboard.eu,container-board-btgqho7q0-karoltyminskikarol-7049s-projects.vercel.app,dpl_8LJAAsuAooYajc3Te4fpCQKP1vm4,6,arn1,286,4096,,prj_lePpUO0zajFeJ8CzF4GlD0LZK78U,,,01KSPN4DP1540MRQEGT2FHW5MK,lKM52kxNOV9m,1,,
2026-05-28 06:42:45,1779950565048,www.containerboard.eu/,GET,_rsc=19ddl,200,x5tdd-1779950565048-3010403d6bbe,"Mozilla/5.0 (X11; Linux x86_64) AppleWebKit/537.36 (KHTML, like Gecko) Chrome/148.0.0.0 Safari/537.36",,production,master,MISS,function,/index.rsc,www.containerboard.eu,container-board-btgqho7q0-karoltyminskikarol-7049s-projects.vercel.app,dpl_8LJAAsuAooYajc3Te4fpCQKP1vm4,28,arn1,361,4096,,prj_lePpUO0zajFeJ8CzF4GlD0LZK78U,,,01KSPN4DPSR987B0TC2M0FTK5V,njOXOBdF0sl5,1,,
2026-05-28 06:42:35,1779950555506,www.containerboard.eu/pl/shipping-containers/for-sale/cities/gliwice,GET,nxtPlocale=pl&nxtPintent=for-sale&nxtPcity=gliwice,200,ncd7b-1779950555506-4c860c91bfc3,"Mozilla/5.0 (X11; Linux x86_64) AppleWebKit/537.36 (KHTML, like Gecko) Chrome/148.0.0.0 Safari/537.36",,production,master,MISS,function,/[locale]/shipping-containers/[intent]/cities/[city],www.containerboard.eu,container-board-btgqho7q0-karoltyminskikarol-7049s-projects.vercel.app,dpl_8LJAAsuAooYajc3Te4fpCQKP1vm4,288,arn1,361,4096,,prj_lePpUO0zajFeJ8CzF4GlD0LZK78U,,,01KSPN44KZ4P8J42MVKJNCEKHK,njOXOBdF0sl5,1,,
2026-05-28 06:42:35,1779950555506,www.containerboard.eu/pl/shipping-containers/for-sale/cities/gliwice,GET,nxtPlocale=pl&nxtPintent=for-sale&nxtPcity=gliwice,200,ncd7b-1779950555506-4c860c91bfc3,"Mozilla/5.0 (X11; Linux x86_64) AppleWebKit/537.36 (KHTML, like Gecko) Chrome/148.0.0.0 Safari/537.36",,production,master,MISS,middleware,/_middleware,www.containerboard.eu,container-board-btgqho7q0-karoltyminskikarol-7049s-projects.vercel.app,dpl_8LJAAsuAooYajc3Te4fpCQKP1vm4,8,arn1,286,4096,,prj_lePpUO0zajFeJ8CzF4GlD0LZK78U,,,01KSPN44C1QXQXXD8NKBTNBJBN,lKM52kxNOV9m,1,,
2026-05-28 06:42:11,1779950531185,www.containerboard.eu/list,GET,kind=sell&locationLat=50.2945&locationLng=18.6714&radiusKm=20&_rsc=1jb8d,200,rz48t-1779950531185-8d22a986092a,"Mozilla/5.0 (X11; Linux x86_64) AppleWebKit/537.36 (KHTML, like Gecko) Chrome/148.0.0.0 Safari/537.36",,production,master,MISS,middleware,/_middleware,www.containerboard.eu,container-board-btgqho7q0-karoltyminskikarol-7049s-projects.vercel.app,dpl_8LJAAsuAooYajc3Te4fpCQKP1vm4,6,arn1,286,4096,,prj_lePpUO0zajFeJ8CzF4GlD0LZK78U,,,01KSPN3CKP3CZQAX5PH8JAKVXP,lKM52kxNOV9m,1,,
2026-05-28 06:42:11,1779950531185,www.containerboard.eu/list,GET,kind=sell&locationLat=50.2945&locationLng=18.6714&radiusKm=20&_rsc=1jb8d,200,rz48t-1779950531185-8d22a986092a,"Mozilla/5.0 (X11; Linux x86_64) AppleWebKit/537.36 (KHTML, like Gecko) Chrome/148.0.0.0 Safari/537.36",,production,master,MISS,function,/list.rsc,www.containerboard.eu,container-board-btgqho7q0-karoltyminskikarol-7049s-projects.vercel.app,dpl_8LJAAsuAooYajc3Te4fpCQKP1vm4,7,arn1,87,4096,,prj_lePpUO0zajFeJ8CzF4GlD0LZK78U,,,hvc_40b8f8de726b4f93bc3ba477917c,hvc_40b8f8de726b4f93bc3ba477917c,3,,
2026-05-28 06:42:11,1779950531166,www.containerboard.eu/companies/contivus-sp-z-o-o,GET,_rsc=1jb8d,200,v9r9z-1779950531166-4f4b17175a55,"Mozilla/5.0 (X11; Linux x86_64) AppleWebKit/537.36 (KHTML, like Gecko) Chrome/148.0.0.0 Safari/537.36",,production,master,MISS,middleware,/_middleware,www.containerboard.eu,container-board-btgqho7q0-karoltyminskikarol-7049s-projects.vercel.app,dpl_8LJAAsuAooYajc3Te4fpCQKP1vm4,6,arn1,286,4096,,prj_lePpUO0zajFeJ8CzF4GlD0LZK78U,,,01KSPN3CK1DZEBJEK1540M5P0V,lKM52kxNOV9m,1,,
2026-05-28 06:42:11,1779950531166,www.containerboard.eu/companies/contivus-sp-z-o-o,GET,_rsc=1jb8d,200,v9r9z-1779950531166-4f4b17175a55,"Mozilla/5.0 (X11; Linux x86_64) AppleWebKit/537.36 (KHTML, like Gecko) Chrome/148.0.0.0 Safari/537.36",,production,master,MISS,function,/companies/[slug].rsc,www.containerboard.eu,container-board-btgqho7q0-karoltyminskikarol-7049s-projects.vercel.app,dpl_8LJAAsuAooYajc3Te4fpCQKP1vm4,42,arn1,87,4096,,prj_lePpUO0zajFeJ8CzF4GlD0LZK78U,,,hvc_40b8f8de726b4f93bc3ba477917c,hvc_40b8f8de726b4f93bc3ba477917c,3,,
2026-05-28 06:42:11,1779950531146,www.containerboard.eu/pl/containers/6a16dda52916c0f26b0a03c5,GET,_rsc=1jb8d,200,ggs8n-1779950531146-192a2bf81f95,"Mozilla/5.0 (X11; Linux x86_64) AppleWebKit/537.36 (KHTML, like Gecko) Chrome/148.0.0.0 Safari/537.36",,production,master,MISS,middleware,/_middleware,www.containerboard.eu,container-board-btgqho7q0-karoltyminskikarol-7049s-projects.vercel.app,dpl_8LJAAsuAooYajc3Te4fpCQKP1vm4,6,arn1,286,4096,,prj_lePpUO0zajFeJ8CzF4GlD0LZK78U,,,01KSPN3CJDQ9GPZ5R7NVTQ837M,lKM52kxNOV9m,1,,
2026-05-28 06:42:11,1779950531146,www.containerboard.eu/pl/containers/6a16dda52916c0f26b0a03c5,GET,_rsc=1jb8d,200,ggs8n-1779950531146-192a2bf81f95,"Mozilla/5.0 (X11; Linux x86_64) AppleWebKit/537.36 (KHTML, like Gecko) Chrome/148.0.0.0 Safari/537.36",,production,master,MISS,function,/[locale]/containers/[id].rsc,www.containerboard.eu,container-board-btgqho7q0-karoltyminskikarol-7049s-projects.vercel.app,dpl_8LJAAsuAooYajc3Te4fpCQKP1vm4,83,arn1,87,4096,,prj_lePpUO0zajFeJ8CzF4GlD0LZK78U,,,hvc_40b8f8de726b4f93bc3ba477917c,hvc_40b8f8de726b4f93bc3ba477917c,3,,
2026-05-28 06:42:11,1779950531038,www.containerboard.eu/list,GET,kind=sell&locationLat=50.2945&locationLng=18.6714&radiusKm=20&_rsc=g2qlm,200,kwpms-1779950531038-c78ed4519530,"Mozilla/5.0 (X11; Linux x86_64) AppleWebKit/537.36 (KHTML, like Gecko) Chrome/148.0.0.0 Safari/537.36",,production,master,MISS,middleware,/_middleware,www.containerboard.eu,container-board-btgqho7q0-karoltyminskikarol-7049s-projects.vercel.app,dpl_8LJAAsuAooYajc3Te4fpCQKP1vm4,7,arn1,286,4096,,prj_lePpUO0zajFeJ8CzF4GlD0LZK78U,,,01KSPN3CF2XPW8T6MWVFDWCW1Y,lKM52kxNOV9m,1,,
2026-05-28 06:42:11,1779950531038,www.containerboard.eu/list,GET,kind=sell&locationLat=50.2945&locationLng=18.6714&radiusKm=20&_rsc=g2qlm,200,kwpms-1779950531038-c78ed4519530,"Mozilla/5.0 (X11; Linux x86_64) AppleWebKit/537.36 (KHTML, like Gecko) Chrome/148.0.0.0 Safari/537.36",,production,master,MISS,function,/list.rsc,www.containerboard.eu,container-board-btgqho7q0-karoltyminskikarol-7049s-projects.vercel.app,dpl_8LJAAsuAooYajc3Te4fpCQKP1vm4,10,arn1,86,4096,,prj_lePpUO0zajFeJ8CzF4GlD0LZK78U,,,hvc_40b8f8de726b4f93bc3ba477917c,hvc_40b8f8de726b4f93bc3ba477917c,1,,
2026-05-28 06:42:11,1779950531033,www.containerboard.eu/companies/contivus-sp-z-o-o,GET,_rsc=g2qlm,200,kkml7-1779950531033-47450f08da2b,"Mozilla/5.0 (X11; Linux x86_64) AppleWebKit/537.36 (KHTML, like Gecko) Chrome/148.0.0.0 Safari/537.36",,production,master,MISS,middleware,/_middleware,www.containerboard.eu,container-board-btgqho7q0-karoltyminskikarol-7049s-projects.vercel.app,dpl_8LJAAsuAooYajc3Te4fpCQKP1vm4,5,arn1,283,4096,,prj_lePpUO0zajFeJ8CzF4GlD0LZK78U,,,01KSPN3CEY0F3PT4V2QPW63C6R,jGrrjHm14wnZ,1,,
2026-05-28 06:42:11,1779950531033,www.containerboard.eu/companies/contivus-sp-z-o-o,GET,_rsc=g2qlm,200,kkml7-1779950531033-47450f08da2b,"Mozilla/5.0 (X11; Linux x86_64) AppleWebKit/537.36 (KHTML, like Gecko) Chrome/148.0.0.0 Safari/537.36",,production,master,MISS,function,/companies/[slug].rsc,www.containerboard.eu,container-board-btgqho7q0-karoltyminskikarol-7049s-projects.vercel.app,dpl_8LJAAsuAooYajc3Te4fpCQKP1vm4,9,arn1,86,4096,,prj_lePpUO0zajFeJ8CzF4GlD0LZK78U,,,hvc_40b8f8de726b4f93bc3ba477917c,hvc_40b8f8de726b4f93bc3ba477917c,1,,
2026-05-28 06:42:11,1779950531026,www.containerboard.eu/pl/containers/6a16dda52916c0f26b0a03c5,GET,_rsc=g2qlm,200,v9r9z-1779950531026-d1de8446bb65,"Mozilla/5.0 (X11; Linux x86_64) AppleWebKit/537.36 (KHTML, like Gecko) Chrome/148.0.0.0 Safari/537.36",,production,master,MISS,middleware,/_middleware,www.containerboard.eu,container-board-btgqho7q0-karoltyminskikarol-7049s-projects.vercel.app,dpl_8LJAAsuAooYajc3Te4fpCQKP1vm4,5,arn1,289,4096,,prj_lePpUO0zajFeJ8CzF4GlD0LZK78U,,,01KSPN3CES16YM5NM328ZZQE7B,M802CPO7BM79,1,,
2026-05-28 06:42:11,1779950531026,www.containerboard.eu/pl/containers/6a16dda52916c0f26b0a03c5,GET,_rsc=g2qlm,200,v9r9z-1779950531026-d1de8446bb65,"Mozilla/5.0 (X11; Linux x86_64) AppleWebKit/537.36 (KHTML, like Gecko) Chrome/148.0.0.0 Safari/537.36",,production,master,MISS,function,/[locale]/containers/[id].rsc,www.containerboard.eu,container-board-btgqho7q0-karoltyminskikarol-7049s-projects.vercel.app,dpl_8LJAAsuAooYajc3Te4fpCQKP1vm4,53,arn1,86,4096,,prj_lePpUO0zajFeJ8CzF4GlD0LZK78U,,,hvc_40b8f8de726b4f93bc3ba477917c,hvc_40b8f8de726b4f93bc3ba477917c,1,,
2026-05-28 06:42:10,1779950530942,www.containerboard.eu/pl/shipping-containers/for-sale/cities/rybnik,GET,_rsc=hubwa,200,pn56g-1779950530942-725c7e3124e9,"Mozilla/5.0 (X11; Linux x86_64) AppleWebKit/537.36 (KHTML, like Gecko) Chrome/148.0.0.0 Safari/537.36",,production,master,MISS,middleware,/_middleware,www.containerboard.eu,container-board-btgqho7q0-karoltyminskikarol-7049s-projects.vercel.app,dpl_8LJAAsuAooYajc3Te4fpCQKP1vm4,6,arn1,289,4096,,prj_lePpUO0zajFeJ8CzF4GlD0LZK78U,,,01KSPN3CC1A7XQCT4Z9C56GW4N,M802CPO7BM79,1,,
2026-05-28 06:42:10,1779950530942,www.containerboard.eu/pl/shipping-containers/for-sale/cities/rybnik,GET,_rsc=hubwa,200,pn56g-1779950530942-725c7e3124e9,"Mozilla/5.0 (X11; Linux x86_64) AppleWebKit/537.36 (KHTML, like Gecko) Chrome/148.0.0.0 Safari/537.36",,production,master,MISS,function,/[locale]/shipping-containers/[intent]/cities/[city].rsc,www.containerboard.eu,container-board-btgqho7q0-karoltyminskikarol-7049s-projects.vercel.app,dpl_8LJAAsuAooYajc3Te4fpCQKP1vm4,74,arn1,86,4096,,prj_lePpUO0zajFeJ8CzF4GlD0LZK78U,,,hvc_40b8f8de726b4f93bc3ba477917c,hvc_40b8f8de726b4f93bc3ba477917c,4,,
2026-05-28 06:42:10,1779950530854,www.containerboard.eu/pl/shipping-containers/for-sale/cities/ruda-slaska,GET,_rsc=hubwa,200,d9w5p-1779950530854-0cfffec9a31d,"Mozilla/5.0 (X11; Linux x86_64) AppleWebKit/537.36 (KHTML, like Gecko) Chrome/148.0.0.0 Safari/537.36",,production,master,MISS,middleware,/_middleware,www.containerboard.eu,container-board-btgqho7q0-karoltyminskikarol-7049s-projects.vercel.app,dpl_8LJAAsuAooYajc3Te4fpCQKP1vm4,6,arn1,289,4096,,prj_lePpUO0zajFeJ8CzF4GlD0LZK78U,,,01KSPN3C9CMKB4W4PNXTCEGSJY,M802CPO7BM79,1,,
2026-05-28 06:42:10,1779950530854,www.containerboard.eu/pl/shipping-containers/for-sale/cities/ruda-slaska,GET,_rsc=hubwa,200,d9w5p-1779950530854-0cfffec9a31d,"Mozilla/5.0 (X11; Linux x86_64) AppleWebKit/537.36 (KHTML, like Gecko) Chrome/148.0.0.0 Safari/537.36",,production,master,MISS,function,/[locale]/shipping-containers/[intent]/cities/[city].rsc,www.containerboard.eu,container-board-btgqho7q0-karoltyminskikarol-7049s-projects.vercel.app,dpl_8LJAAsuAooYajc3Te4fpCQKP1vm4,63,arn1,86,4096,,prj_lePpUO0zajFeJ8CzF4GlD0LZK78U,,,hvc_40b8f8de726b4f93bc3ba477917c,hvc_40b8f8de726b4f93bc3ba477917c,4,,
2026-05-28 06:42:10,1779950530838,www.containerboard.eu/pl/shipping-containers/for-sale/cities/tychy,GET,_rsc=hubwa,200,kkml7-1779950530838-cbaab335f7c8,"Mozilla/5.0 (X11; Linux x86_64) AppleWebKit/537.36 (KHTML, like Gecko) Chrome/148.0.0.0 Safari/537.36",,production,master,MISS,middleware,/_middleware,www.containerboard.eu,container-board-btgqho7q0-karoltyminskikarol-7049s-projects.vercel.app,dpl_8LJAAsuAooYajc3Te4fpCQKP1vm4,6,arn1,283,4096,,prj_lePpUO0zajFeJ8CzF4GlD0LZK78U,,,01KSPN3C8XD29099D6KP45GPPW,jGrrjHm14wnZ,1,,
2026-05-28 06:42:10,1779950530838,www.containerboard.eu/pl/shipping-containers/for-sale/cities/tychy,GET,_rsc=hubwa,200,kkml7-1779950530838-cbaab335f7c8,"Mozilla/5.0 (X11; Linux x86_64) AppleWebKit/537.36 (KHTML, like Gecko) Chrome/148.0.0.0 Safari/537.36",,production,master,MISS,function,/[locale]/shipping-containers/[intent]/cities/[city].rsc,www.containerboard.eu,container-board-btgqho7q0-karoltyminskikarol-7049s-projects.vercel.app,dpl_8LJAAsuAooYajc3Te4fpCQKP1vm4,76,arn1,86,4096,,prj_lePpUO0zajFeJ8CzF4GlD0LZK78U,,,hvc_40b8f8de726b4f93bc3ba477917c,hvc_40b8f8de726b4f93bc3ba477917c,4,,
2026-05-28 06:42:10,1779950530815,www.containerboard.eu/pl/shipping-containers/for-sale/cities/gorzow-wielkopolski,GET,_rsc=hubwa,200,trzsf-1779950530815-2d2f8f6e3ca5,"Mozilla/5.0 (X11; Linux x86_64) AppleWebKit/537.36 (KHTML, like Gecko) Chrome/148.0.0.0 Safari/537.36",,production,master,MISS,middleware,/_middleware,www.containerboard.eu,container-board-btgqho7q0-karoltyminskikarol-7049s-projects.vercel.app,dpl_8LJAAsuAooYajc3Te4fpCQKP1vm4,6,arn1,283,4096,,prj_lePpUO0zajFeJ8CzF4GlD0LZK78U,,,01KSPN3C810RMCHP21NGX10F1D,jGrrjHm14wnZ,1,,
2026-05-28 06:42:10,1779950530815,www.containerboard.eu/pl/shipping-containers/for-sale/cities/gorzow-wielkopolski,GET,_rsc=hubwa,200,trzsf-1779950530815-2d2f8f6e3ca5,"Mozilla/5.0 (X11; Linux x86_64) AppleWebKit/537.36 (KHTML, like Gecko) Chrome/148.0.0.0 Safari/537.36",,production,master,MISS,function,/[locale]/shipping-containers/[intent]/cities/[city].rsc,www.containerboard.eu,container-board-btgqho7q0-karoltyminskikarol-7049s-projects.vercel.app,dpl_8LJAAsuAooYajc3Te4fpCQKP1vm4,69,arn1,86,4096,,prj_lePpUO0zajFeJ8CzF4GlD0LZK78U,,,hvc_40b8f8de726b4f93bc3ba477917c,hvc_40b8f8de726b4f93bc3ba477917c,4,,
2026-05-28 06:42:10,1779950530810,www.containerboard.eu/pl/shipping-containers/for-sale/cities/dabrowa-gornicza,GET,_rsc=hubwa,200,dv92m-1779950530810-75ed1eff8379,"Mozilla/5.0 (X11; Linux x86_64) AppleWebKit/537.36 (KHTML, like Gecko) Chrome/148.0.0.0 Safari/537.36",,production,master,MISS,middleware,/_middleware,www.containerboard.eu,container-board-btgqho7q0-karoltyminskikarol-7049s-projects.vercel.app,dpl_8LJAAsuAooYajc3Te4fpCQKP1vm4,6,arn1,289,4096,,prj_lePpUO0zajFeJ8CzF4GlD0LZK78U,,,01KSPN3C7YS1FDK280J6P0Z9VG,M802CPO7BM79,1,,
2026-05-28 06:42:10,1779950530810,www.containerboard.eu/pl/shipping-containers/for-sale/cities/dabrowa-gornicza,GET,_rsc=hubwa,200,dv92m-1779950530810-75ed1eff8379,"Mozilla/5.0 (X11; Linux x86_64) AppleWebKit/537.36 (KHTML, like Gecko) Chrome/148.0.0.0 Safari/537.36",,production,master,MISS,function,/[locale]/shipping-containers/[intent]/cities/[city].rsc,www.containerboard.eu,container-board-btgqho7q0-karoltyminskikarol-7049s-projects.vercel.app,dpl_8LJAAsuAooYajc3Te4fpCQKP1vm4,73,arn1,87,4096,,prj_lePpUO0zajFeJ8CzF4GlD0LZK78U,,,hvc_40b8f8de726b4f93bc3ba477917c,hvc_40b8f8de726b4f93bc3ba477917c,2,,
2026-05-28 06:42:10,1779950530713,www.containerboard.eu/pl/shipping-containers/for-sale/cities/plock,GET,_rsc=hubwa,200,kkml7-1779950530713-d8949f59412e,"Mozilla/5.0 (X11; Linux x86_64) AppleWebKit/537.36 (KHTML, like Gecko) Chrome/148.0.0.0 Safari/537.36",,production,master,MISS,middleware,/_middleware,www.containerboard.eu,container-board-btgqho7q0-karoltyminskikarol-7049s-projects.vercel.app,dpl_8LJAAsuAooYajc3Te4fpCQKP1vm4,6,arn1,289,4096,,prj_lePpUO0zajFeJ8CzF4GlD0LZK78U,,,01KSPN3C4ZD65K2S0N8321Q6BN,M802CPO7BM79,1,,
2026-05-28 06:42:10,1779950530713,www.containerboard.eu/pl/shipping-containers/for-sale/cities/plock,GET,_rsc=hubwa,200,kkml7-1779950530713-d8949f59412e,"Mozilla/5.0 (X11; Linux x86_64) AppleWebKit/537.36 (KHTML, like Gecko) Chrome/148.0.0.0 Safari/537.36",,production,master,MISS,function,/[locale]/shipping-containers/[intent]/cities/[city].rsc,www.containerboard.eu,container-board-btgqho7q0-karoltyminskikarol-7049s-projects.vercel.app,dpl_8LJAAsuAooYajc3Te4fpCQKP1vm4,67,arn1,86,4096,,prj_lePpUO0zajFeJ8CzF4GlD0LZK78U,,,hvc_40b8f8de726b4f93bc3ba477917c,hvc_40b8f8de726b4f93bc3ba477917c,5,,
2026-05-28 06:42:10,1779950530690,www.containerboard.eu/pl/shipping-containers/for-sale/countries/albania,GET,_rsc=hubwa,200,9mlnk-1779950530690-0c0a823b2694,"Mozilla/5.0 (X11; Linux x86_64) AppleWebKit/537.36 (KHTML, like Gecko) Chrome/148.0.0.0 Safari/537.36",,production,master,MISS,middleware,/_middleware,www.containerboard.eu,container-board-btgqho7q0-karoltyminskikarol-7049s-projects.vercel.app,dpl_8LJAAsuAooYajc3Te4fpCQKP1vm4,6,arn1,289,4096,,prj_lePpUO0zajFeJ8CzF4GlD0LZK78U,,,01KSPN3C450GZDZ4WKKRMJJ6YV,M802CPO7BM79,1,,
2026-05-28 06:42:10,1779950530690,www.containerboard.eu/pl/shipping-containers/for-sale/countries/albania,GET,_rsc=hubwa,200,9mlnk-1779950530690-0c0a823b2694,"Mozilla/5.0 (X11; Linux x86_64) AppleWebKit/537.36 (KHTML, like Gecko) Chrome/148.0.0.0 Safari/537.36",,production,master,MISS,function,/[locale]/shipping-containers/[intent]/countries/[country].rsc,www.containerboard.eu,container-board-btgqho7q0-karoltyminskikarol-7049s-projects.vercel.app,dpl_8LJAAsuAooYajc3Te4fpCQKP1vm4,68,arn1,86,4096,,prj_lePpUO0zajFeJ8CzF4GlD0LZK78U,,,hvc_40b8f8de726b4f93bc3ba477917c,hvc_40b8f8de726b4f93bc3ba477917c,5,,
2026-05-28 06:42:10,1779950530689,www.containerboard.eu/pl/shipping-containers/for-sale/countries/andora,GET,_rsc=hubwa,200,trzsf-1779950530689-a54076af4b8b,"Mozilla/5.0 (X11; Linux x86_64) AppleWebKit/537.36 (KHTML, like Gecko) Chrome/148.0.0.0 Safari/537.36",,production,master,MISS,middleware,/_middleware,www.containerboard.eu,container-board-btgqho7q0-karoltyminskikarol-7049s-projects.vercel.app,dpl_8LJAAsuAooYajc3Te4fpCQKP1vm4,6,arn1,283,4096,,prj_lePpUO0zajFeJ8CzF4GlD0LZK78U,,,01KSPN3C44C2ASMZN76EP6QCAV,jGrrjHm14wnZ,1,,
2026-05-28 06:42:10,1779950530689,www.containerboard.eu/pl/shipping-containers/for-sale/countries/andora,GET,_rsc=hubwa,200,trzsf-1779950530689-a54076af4b8b,"Mozilla/5.0 (X11; Linux x86_64) AppleWebKit/537.36 (KHTML, like Gecko) Chrome/148.0.0.0 Safari/537.36",,production,master,MISS,function,/[locale]/shipping-containers/[intent]/countries/[country].rsc,www.containerboard.eu,container-board-btgqho7q0-karoltyminskikarol-7049s-projects.vercel.app,dpl_8LJAAsuAooYajc3Te4fpCQKP1vm4,78,arn1,86,4096,,prj_lePpUO0zajFeJ8CzF4GlD0LZK78U,,,hvc_40b8f8de726b4f93bc3ba477917c,hvc_40b8f8de726b4f93bc3ba477917c,5,,
2026-05-28 06:42:10,1779950530521,www.containerboard.eu/pl/shipping-containers/for-sale/countries/austria,GET,_rsc=hubwa,200,kkml7-1779950530521-5fb825f74796,"Mozilla/5.0 (X11; Linux x86_64) AppleWebKit/537.36 (KHTML, like Gecko) Chrome/148.0.0.0 Safari/537.36",,production,master,MISS,middleware,/_middleware,www.containerboard.eu,container-board-btgqho7q0-karoltyminskikarol-7049s-projects.vercel.app,dpl_8LJAAsuAooYajc3Te4fpCQKP1vm4,8,arn1,283,4096,,prj_lePpUO0zajFeJ8CzF4GlD0LZK78U,,,01KSPN3BZ0HHAP2QMJAM4N3F8C,jGrrjHm14wnZ,1,,
2026-05-28 06:42:10,1779950530521,www.containerboard.eu/pl/shipping-containers/for-sale/countries/austria,GET,_rsc=hubwa,200,kkml7-1779950530521-5fb825f74796,"Mozilla/5.0 (X11; Linux x86_64) AppleWebKit/537.36 (KHTML, like Gecko) Chrome/148.0.0.0 Safari/537.36",,production,master,MISS,function,/[locale]/shipping-containers/[intent]/countries/[country].rsc,www.containerboard.eu,container-board-btgqho7q0-karoltyminskikarol-7049s-projects.vercel.app,dpl_8LJAAsuAooYajc3Te4fpCQKP1vm4,109,arn1,87,4096,,prj_lePpUO0zajFeJ8CzF4GlD0LZK78U,,,hvc_40b8f8de726b4f93bc3ba477917c,hvc_40b8f8de726b4f93bc3ba477917c,5,,
2026-05-28 06:42:10,1779950530518,www.containerboard.eu/pl/shipping-containers/for-sale/cities/gliwice,GET,_rsc=1dotn,200,scsdx-1779950530518-d394bb37d6ee,"Mozilla/5.0 (X11; Linux x86_64) AppleWebKit/537.36 (KHTML, like Gecko) Chrome/148.0.0.0 Safari/537.36",,production,master,MISS,middleware,/_middleware,www.containerboard.eu,container-board-btgqho7q0-karoltyminskikarol-7049s-projects.vercel.app,dpl_8LJAAsuAooYajc3Te4fpCQKP1vm4,5,arn1,289,4096,,prj_lePpUO0zajFeJ8CzF4GlD0LZK78U,,,01KSPN3BYSAEF0CCRM40XP5F52,M802CPO7BM79,1,,
2026-05-28 06:42:10,1779950530518,www.containerboard.eu/pl/shipping-containers/for-sale/cities/gliwice,GET,_rsc=1dotn,200,scsdx-1779950530518-d394bb37d6ee,"Mozilla/5.0 (X11; Linux x86_64) AppleWebKit/537.36 (KHTML, like Gecko) Chrome/148.0.0.0 Safari/537.36",,production,master,MISS,function,/[locale]/shipping-containers/[intent]/cities/[city].rsc,www.containerboard.eu,container-board-btgqho7q0-karoltyminskikarol-7049s-projects.vercel.app,dpl_8LJAAsuAooYajc3Te4fpCQKP1vm4,327,arn1,87,4096,,prj_lePpUO0zajFeJ8CzF4GlD0LZK78U,,,hvc_40b8f8de726b4f93bc3ba477917c,hvc_40b8f8de726b4f93bc3ba477917c,5,,
2026-05-28 06:42:10,1779950530502,www.containerboard.eu/pl/shipping-containers/for-sale/countries/belgia,GET,_rsc=hubwa,200,ggs8n-1779950530502-abb83676aa72,"Mozilla/5.0 (X11; Linux x86_64) AppleWebKit/537.36 (KHTML, like Gecko) Chrome/148.0.0.0 Safari/537.36",,production,master,MISS,middleware,/_middleware,www.containerboard.eu,container-board-btgqho7q0-karoltyminskikarol-7049s-projects.vercel.app,dpl_8LJAAsuAooYajc3Te4fpCQKP1vm4,5,arn1,289,4096,,prj_lePpUO0zajFeJ8CzF4GlD0LZK78U,,,01KSPN3BY94Z8MYG4WH7G03YNG,M802CPO7BM79,1,,
2026-05-28 06:42:10,1779950530502,www.containerboard.eu/pl/shipping-containers/for-sale/countries/belgia,GET,_rsc=hubwa,200,ggs8n-1779950530502-abb83676aa72,"Mozilla/5.0 (X11; Linux x86_64) AppleWebKit/537.36 (KHTML, like Gecko) Chrome/148.0.0.0 Safari/537.36",,production,master,MISS,function,/[locale]/shipping-containers/[intent]/countries/[country].rsc,www.containerboard.eu,container-board-btgqho7q0-karoltyminskikarol-7049s-projects.vercel.app,dpl_8LJAAsuAooYajc3Te4fpCQKP1vm4,252,arn1,87,4096,,prj_lePpUO0zajFeJ8CzF4GlD0LZK78U,,,hvc_40b8f8de726b4f93bc3ba477917c,hvc_40b8f8de726b4f93bc3ba477917c,5,,
2026-05-28 06:42:10,1779950530000,www.containerboard.eu/pl/shipping-containers/for-sale/countries/bialorus,GET,_rsc=hubwa,200,trzsf-1779950530000-cdf43c965ad7,"Mozilla/5.0 (X11; Linux x86_64) AppleWebKit/537.36 (KHTML, like Gecko) Chrome/148.0.0.0 Safari/537.36",,production,master,MISS,middleware,/_middleware,www.containerboard.eu,container-board-btgqho7q0-karoltyminskikarol-7049s-projects.vercel.app,dpl_8LJAAsuAooYajc3Te4fpCQKP1vm4,9,arn1,289,4096,,prj_lePpUO0zajFeJ8CzF4GlD0LZK78U,,,01KSPN3BEK63J99Z6K8FM0YD0B,M802CPO7BM79,1,,
2026-05-28 06:42:10,1779950530000,www.containerboard.eu/pl/shipping-containers/for-sale/countries/bialorus,GET,_rsc=hubwa,200,trzsf-1779950530000-cdf43c965ad7,"Mozilla/5.0 (X11; Linux x86_64) AppleWebKit/537.36 (KHTML, like Gecko) Chrome/148.0.0.0 Safari/537.36",,production,master,MISS,function,/[locale]/shipping-containers/[intent]/countries/[country].rsc,www.containerboard.eu,container-board-btgqho7q0-karoltyminskikarol-7049s-projects.vercel.app,dpl_8LJAAsuAooYajc3Te4fpCQKP1vm4,634,arn1,87,4096,,prj_lePpUO0zajFeJ8CzF4GlD0LZK78U,,,hvc_40b8f8de726b4f93bc3ba477917c,hvc_40b8f8de726b4f93bc3ba477917c,5,,
2026-05-28 06:42:09,1779950529894,www.containerboard.eu/pl/shipping-containers/for-sale/cities/gliwice,GET,_rsc=hubwa,200,9mlnk-1779950529894-fe724658c427,"Mozilla/5.0 (X11; Linux x86_64) AppleWebKit/537.36 (KHTML, like Gecko) Chrome/148.0.0.0 Safari/537.36",,production,master,MISS,middleware,/_middleware,www.containerboard.eu,container-board-btgqho7q0-karoltyminskikarol-7049s-projects.vercel.app,dpl_8LJAAsuAooYajc3Te4fpCQKP1vm4,6,arn1,288,4096,,prj_lePpUO0zajFeJ8CzF4GlD0LZK78U,,,01KSPN3BBDPJQGJJ8Y5HJZS53E,M802CPO7BM79,1,,
2026-05-28 06:42:09,1779950529894,www.containerboard.eu/pl/shipping-containers/for-sale/cities/gliwice,GET,_rsc=hubwa,200,9mlnk-1779950529894-fe724658c427,"Mozilla/5.0 (X11; Linux x86_64) AppleWebKit/537.36 (KHTML, like Gecko) Chrome/148.0.0.0 Safari/537.36",,production,master,MISS,function,/[locale]/shipping-containers/[intent]/cities/[city].rsc,www.containerboard.eu,container-board-btgqho7q0-karoltyminskikarol-7049s-projects.vercel.app,dpl_8LJAAsuAooYajc3Te4fpCQKP1vm4,731,arn1,87,4096,,prj_lePpUO0zajFeJ8CzF4GlD0LZK78U,,,hvc_40b8f8de726b4f93bc3ba477917c,hvc_40b8f8de726b4f93bc3ba477917c,5,,
2026-05-28 06:42:09,1779950529760,www.containerboard.eu/pl/shipping-containers/for-sale/countries/bosnia-i-hercegowina,GET,_rsc=hubwa,200,ggs8n-1779950529760-a3964b631cd9,"Mozilla/5.0 (X11; Linux x86_64) AppleWebKit/537.36 (KHTML, like Gecko) Chrome/148.0.0.0 Safari/537.36",,production,master,MISS,middleware,/_middleware,www.containerboard.eu,container-board-btgqho7q0-karoltyminskikarol-7049s-projects.vercel.app,dpl_8LJAAsuAooYajc3Te4fpCQKP1vm4,5,arn1,288,4096,,prj_lePpUO0zajFeJ8CzF4GlD0LZK78U,,,01KSPN3B7DTD9QG1Q57VHZWK9X,M802CPO7BM79,1,,
2026-05-28 06:42:09,1779950529760,www.containerboard.eu/pl/shipping-containers/for-sale/countries/bosnia-i-hercegowina,GET,_rsc=hubwa,200,ggs8n-1779950529760-a3964b631cd9,"Mozilla/5.0 (X11; Linux x86_64) AppleWebKit/537.36 (KHTML, like Gecko) Chrome/148.0.0.0 Safari/537.36",,production,master,MISS,function,/[locale]/shipping-containers/[intent]/countries/[country].rsc,www.containerboard.eu,container-board-btgqho7q0-karoltyminskikarol-7049s-projects.vercel.app,dpl_8LJAAsuAooYajc3Te4fpCQKP1vm4,586,arn1,87,4096,,prj_lePpUO0zajFeJ8CzF4GlD0LZK78U,,,hvc_40b8f8de726b4f93bc3ba477917c,hvc_40b8f8de726b4f93bc3ba477917c,4,,
2026-05-28 06:42:09,1779950529752,www.containerboard.eu/pl/shipping-containers/for-sale/countries/bulgaria,GET,_rsc=hubwa,200,trzsf-1779950529752-e0c0e8173ed3,"Mozilla/5.0 (X11; Linux x86_64) AppleWebKit/537.36 (KHTML, like Gecko) Chrome/148.0.0.0 Safari/537.36",,production,master,MISS,middleware,/_middleware,www.containerboard.eu,container-board-btgqho7q0-karoltyminskikarol-7049s-projects.vercel.app,dpl_8LJAAsuAooYajc3Te4fpCQKP1vm4,5,arn1,288,4096,,prj_lePpUO0zajFeJ8CzF4GlD0LZK78U,,,01KSPN3B6W79KNBN5AEMDEDHJ7,M802CPO7BM79,1,,
2026-05-28 06:42:09,1779950529752,www.containerboard.eu/pl/shipping-containers/for-sale/countries/bulgaria,GET,_rsc=hubwa,200,trzsf-1779950529752-e0c0e8173ed3,"Mozilla/5.0 (X11; Linux x86_64) AppleWebKit/537.36 (KHTML, like Gecko) Chrome/148.0.0.0 Safari/537.36",,production,master,MISS,function,/[locale]/shipping-containers/[intent]/countries/[country].rsc,www.containerboard.eu,container-board-btgqho7q0-karoltyminskikarol-7049s-projects.vercel.app,dpl_8LJAAsuAooYajc3Te4fpCQKP1vm4,77,arn1,359,4096,,prj_lePpUO0zajFeJ8CzF4GlD0LZK78U,,,01KSPN3BANTJWG1WEN6B2SY9MX,njOXOBdF0sl5,1,,
2026-05-28 06:42:09,1779950529731,www.containerboard.eu/pl/shipping-containers/for-sale/countries/chorwacja,GET,_rsc=hubwa,200,76svs-1779950529731-c97e5bdff40c,"Mozilla/5.0 (X11; Linux x86_64) AppleWebKit/537.36 (KHTML, like Gecko) Chrome/148.0.0.0 Safari/537.36",,production,master,MISS,middleware,/_middleware,www.containerboard.eu,container-board-btgqho7q0-karoltyminskikarol-7049s-projects.vercel.app,dpl_8LJAAsuAooYajc3Te4fpCQKP1vm4,6,arn1,288,4096,,prj_lePpUO0zajFeJ8CzF4GlD0LZK78U,,,01KSPN3B66XXM0RJP9SR5WPSTT,M802CPO7BM79,1,,
2026-05-28 06:42:09,1779950529731,www.containerboard.eu/pl/shipping-containers/for-sale/countries/chorwacja,GET,_rsc=hubwa,200,76svs-1779950529731-c97e5bdff40c,"Mozilla/5.0 (X11; Linux x86_64) AppleWebKit/537.36 (KHTML, like Gecko) Chrome/148.0.0.0 Safari/537.36",,production,master,MISS,function,/[locale]/shipping-containers/[intent]/countries/[country].rsc,www.containerboard.eu,container-board-btgqho7q0-karoltyminskikarol-7049s-projects.vercel.app,dpl_8LJAAsuAooYajc3Te4fpCQKP1vm4,72,arn1,418,4096,,prj_lePpUO0zajFeJ8CzF4GlD0LZK78U,,,01KSPN3BAR313M1F78DS6FM11T,mq1T86Lkynw3,1,,
2026-05-28 06:42:09,1779950529718,www.containerboard.eu/pl/shipping-containers/for-sale/countries/czarnogora,GET,_rsc=hubwa,200,kkml7-1779950529718-41fd4c3c7cb9,"Mozilla/5.0 (X11; Linux x86_64) AppleWebKit/537.36 (KHTML, like Gecko) Chrome/148.0.0.0 Safari/537.36",,production,master,MISS,middleware,/_middleware,www.containerboard.eu,container-board-btgqho7q0-karoltyminskikarol-7049s-projects.vercel.app,dpl_8LJAAsuAooYajc3Te4fpCQKP1vm4,6,arn1,283,4096,,prj_lePpUO0zajFeJ8CzF4GlD0LZK78U,,,01KSPN3B5SWC991YMP78DD43VX,jGrrjHm14wnZ,1,,
2026-05-28 06:42:09,1779950529718,www.containerboard.eu/pl/shipping-containers/for-sale/countries/czarnogora,GET,_rsc=hubwa,200,kkml7-1779950529718-41fd4c3c7cb9,"Mozilla/5.0 (X11; Linux x86_64) AppleWebKit/537.36 (KHTML, like Gecko) Chrome/148.0.0.0 Safari/537.36",,production,master,MISS,function,/[locale]/shipping-containers/[intent]/countries/[country].rsc,www.containerboard.eu,container-board-btgqho7q0-karoltyminskikarol-7049s-projects.vercel.app,dpl_8LJAAsuAooYajc3Te4fpCQKP1vm4,723,arn1,87,4096,,prj_lePpUO0zajFeJ8CzF4GlD0LZK78U,,,hvc_40b8f8de726b4f93bc3ba477917c,hvc_40b8f8de726b4f93bc3ba477917c,4,,
2026-05-28 06:42:09,1779950529698,www.containerboard.eu/pl/shipping-containers/for-sale/cities/warszawa,GET,_rsc=26s0a,200,76svs-1779950529698-ba411fc5bde2,"Mozilla/5.0 (X11; Linux x86_64) AppleWebKit/537.36 (KHTML, like Gecko) Chrome/148.0.0.0 Safari/537.36",,production,master,MISS,middleware,/_middleware,www.containerboard.eu,container-board-btgqho7q0-karoltyminskikarol-7049s-projects.vercel.app,dpl_8LJAAsuAooYajc3Te4fpCQKP1vm4,6,arn1,283,4096,,prj_lePpUO0zajFeJ8CzF4GlD0LZK78U,,,01KSPN3B557V3JRR1K18ZWQ13X,jGrrjHm14wnZ,1,,
2026-05-28 06:42:09,1779950529698,www.containerboard.eu/pl/shipping-containers/for-sale/cities/warszawa,GET,_rsc=26s0a,200,76svs-1779950529698-ba411fc5bde2,"Mozilla/5.0 (X11; Linux x86_64) AppleWebKit/537.36 (KHTML, like Gecko) Chrome/148.0.0.0 Safari/537.36",,production,master,MISS,function,/[locale]/shipping-containers/[intent]/cities/[city].rsc,www.containerboard.eu,container-board-btgqho7q0-karoltyminskikarol-7049s-projects.vercel.app,dpl_8LJAAsuAooYajc3Te4fpCQKP1vm4,5,arn1,86,4096,,prj_lePpUO0zajFeJ8CzF4GlD0LZK78U,,,hvc_40b8f8de726b4f93bc3ba477917c,hvc_40b8f8de726b4f93bc3ba477917c,1,,
2026-05-28 06:42:09,1779950529672,www.containerboard.eu/pl/shipping-containers/for-sale/cities/krakow,GET,_rsc=26s0a,200,9mlnk-1779950529672-d3bde0ac712e,"Mozilla/5.0 (X11; Linux x86_64) AppleWebKit/537.36 (KHTML, like Gecko) Chrome/148.0.0.0 Safari/537.36",,production,master,MISS,middleware,/_middleware,www.containerboard.eu,container-board-btgqho7q0-karoltyminskikarol-7049s-projects.vercel.app,dpl_8LJAAsuAooYajc3Te4fpCQKP1vm4,6,arn1,283,4096,,prj_lePpUO0zajFeJ8CzF4GlD0LZK78U,,,01KSPN3B4AC8X7B98PM46NK4M1,jGrrjHm14wnZ,1,,
2026-05-28 06:42:09,1779950529672,www.containerboard.eu/pl/shipping-containers/for-sale/cities/krakow,GET,_rsc=26s0a,200,9mlnk-1779950529672-d3bde0ac712e,"Mozilla/5.0 (X11; Linux x86_64) AppleWebKit/537.36 (KHTML, like Gecko) Chrome/148.0.0.0 Safari/537.36",,production,master,MISS,function,/[locale]/shipping-containers/[intent]/cities/[city].rsc,www.containerboard.eu,container-board-btgqho7q0-karoltyminskikarol-7049s-projects.vercel.app,dpl_8LJAAsuAooYajc3Te4fpCQKP1vm4,5,arn1,86,4096,,prj_lePpUO0zajFeJ8CzF4GlD0LZK78U,,,hvc_40b8f8de726b4f93bc3ba477917c,hvc_40b8f8de726b4f93bc3ba477917c,1,,
2026-05-28 06:42:09,1779950529652,www.containerboard.eu/pl/shipping-containers/for-sale/cities/lodz,GET,_rsc=26s0a,200,kkml7-1779950529652-e50c1370db44,"Mozilla/5.0 (X11; Linux x86_64) AppleWebKit/537.36 (KHTML, like Gecko) Chrome/148.0.0.0 Safari/537.36",,production,master,MISS,middleware,/_middleware,www.containerboard.eu,container-board-btgqho7q0-karoltyminskikarol-7049s-projects.vercel.app,dpl_8LJAAsuAooYajc3Te4fpCQKP1vm4,6,arn1,282,4096,,prj_lePpUO0zajFeJ8CzF4GlD0LZK78U,,,01KSPN3B3QXGZHC8QK4QGJ8R4F,jGrrjHm14wnZ,1,,
2026-05-28 06:42:09,1779950529652,www.containerboard.eu/pl/shipping-containers/for-sale/cities/lodz,GET,_rsc=26s0a,200,kkml7-1779950529652-e50c1370db44,"Mozilla/5.0 (X11; Linux x86_64) AppleWebKit/537.36 (KHTML, like Gecko) Chrome/148.0.0.0 Safari/537.36",,production,master,MISS,function,/[locale]/shipping-containers/[intent]/cities/[city].rsc,www.containerboard.eu,container-board-btgqho7q0-karoltyminskikarol-7049s-projects.vercel.app,dpl_8LJAAsuAooYajc3Te4fpCQKP1vm4,4,arn1,86,4096,,prj_lePpUO0zajFeJ8CzF4GlD0LZK78U,,,hvc_40b8f8de726b4f93bc3ba477917c,hvc_40b8f8de726b4f93bc3ba477917c,1,,
2026-05-28 06:42:09,1779950529627,www.containerboard.eu/pl/shipping-containers/for-sale/cities/wroclaw,GET,_rsc=26s0a,200,9mlnk-1779950529627-72973f37b2c9,"Mozilla/5.0 (X11; Linux x86_64) AppleWebKit/537.36 (KHTML, like Gecko) Chrome/148.0.0.0 Safari/537.36",,production,master,MISS,middleware,/_middleware,www.containerboard.eu,container-board-btgqho7q0-karoltyminskikarol-7049s-projects.vercel.app,dpl_8LJAAsuAooYajc3Te4fpCQKP1vm4,6,arn1,282,4096,,prj_lePpUO0zajFeJ8CzF4GlD0LZK78U,,,01KSPN3B30EK0Q0YJDJAR997M4,jGrrjHm14wnZ,1,,
2026-05-28 06:42:09,1779950529627,www.containerboard.eu/pl/shipping-containers/for-sale/cities/wroclaw,GET,_rsc=26s0a,200,9mlnk-1779950529627-72973f37b2c9,"Mozilla/5.0 (X11; Linux x86_64) AppleWebKit/537.36 (KHTML, like Gecko) Chrome/148.0.0.0 Safari/537.36",,production,master,MISS,function,/[locale]/shipping-containers/[intent]/cities/[city].rsc,www.containerboard.eu,container-board-btgqho7q0-karoltyminskikarol-7049s-projects.vercel.app,dpl_8LJAAsuAooYajc3Te4fpCQKP1vm4,10,arn1,86,4096,,prj_lePpUO0zajFeJ8CzF4GlD0LZK78U,,,hvc_40b8f8de726b4f93bc3ba477917c,hvc_40b8f8de726b4f93bc3ba477917c,1,,
2026-05-28 06:42:09,1779950529620,www.containerboard.eu/pl/shipping-containers/for-sale/cities/poznan,GET,_rsc=26s0a,200,76svs-1779950529620-ee84c0bfc697,"Mozilla/5.0 (X11; Linux x86_64) AppleWebKit/537.36 (KHTML, like Gecko) Chrome/148.0.0.0 Safari/537.36",,production,master,MISS,middleware,/_middleware,www.containerboard.eu,container-board-btgqho7q0-karoltyminskikarol-7049s-projects.vercel.app,dpl_8LJAAsuAooYajc3Te4fpCQKP1vm4,6,arn1,288,4096,,prj_lePpUO0zajFeJ8CzF4GlD0LZK78U,,,01KSPN3B2QJ2WS429TR0WAXWD4,M802CPO7BM79,1,,
2026-05-28 06:42:09,1779950529620,www.containerboard.eu/pl/shipping-containers/for-sale/cities/poznan,GET,_rsc=26s0a,200,76svs-1779950529620-ee84c0bfc697,"Mozilla/5.0 (X11; Linux x86_64) AppleWebKit/537.36 (KHTML, like Gecko) Chrome/148.0.0.0 Safari/537.36",,production,master,MISS,function,/[locale]/shipping-containers/[intent]/cities/[city].rsc,www.containerboard.eu,container-board-btgqho7q0-karoltyminskikarol-7049s-projects.vercel.app,dpl_8LJAAsuAooYajc3Te4fpCQKP1vm4,4,arn1,86,4096,,prj_lePpUO0zajFeJ8CzF4GlD0LZK78U,,,hvc_40b8f8de726b4f93bc3ba477917c,hvc_40b8f8de726b4f93bc3ba477917c,1,,
2026-05-28 06:42:09,1779950529595,www.containerboard.eu/pl/shipping-containers/for-sale/cities/gdansk,GET,_rsc=26s0a,200,sqdc4-1779950529595-3e45564fc071,"Mozilla/5.0 (X11; Linux x86_64) AppleWebKit/537.36 (KHTML, like Gecko) Chrome/148.0.0.0 Safari/537.36",,production,master,MISS,middleware,/_middleware,www.containerboard.eu,container-board-btgqho7q0-karoltyminskikarol-7049s-projects.vercel.app,dpl_8LJAAsuAooYajc3Te4fpCQKP1vm4,5,arn1,288,4096,,prj_lePpUO0zajFeJ8CzF4GlD0LZK78U,,,01KSPN3B1Y0YV9ER65Z7H70V20,M802CPO7BM79,1,,
2026-05-28 06:42:09,1779950529595,www.containerboard.eu/pl/shipping-containers/for-sale/cities/gdansk,GET,_rsc=26s0a,200,sqdc4-1779950529595-3e45564fc071,"Mozilla/5.0 (X11; Linux x86_64) AppleWebKit/537.36 (KHTML, like Gecko) Chrome/148.0.0.0 Safari/537.36",,production,master,MISS,function,/[locale]/shipping-containers/[intent]/cities/[city].rsc,www.containerboard.eu,container-board-btgqho7q0-karoltyminskikarol-7049s-projects.vercel.app,dpl_8LJAAsuAooYajc3Te4fpCQKP1vm4,4,arn1,86,4096,,prj_lePpUO0zajFeJ8CzF4GlD0LZK78U,,,hvc_40b8f8de726b4f93bc3ba477917c,hvc_40b8f8de726b4f93bc3ba477917c,1,,
2026-05-28 06:42:09,1779950529577,www.containerboard.eu/pl/shipping-containers/for-sale/cities/szczecin,GET,_rsc=26s0a,200,76svs-1779950529577-4cc7489add8c,"Mozilla/5.0 (X11; Linux x86_64) AppleWebKit/537.36 (KHTML, like Gecko) Chrome/148.0.0.0 Safari/537.36",,production,master,MISS,middleware,/_middleware,www.containerboard.eu,container-board-btgqho7q0-karoltyminskikarol-7049s-projects.vercel.app,dpl_8LJAAsuAooYajc3Te4fpCQKP1vm4,8,arn1,287,4096,,prj_lePpUO0zajFeJ8CzF4GlD0LZK78U,,,01KSPN3B1BFVGZ7TJDK277WZ35,M802CPO7BM79,1,,
2026-05-28 06:42:09,1779950529577,www.containerboard.eu/pl/shipping-containers/for-sale/cities/szczecin,GET,_rsc=26s0a,200,76svs-1779950529577-4cc7489add8c,"Mozilla/5.0 (X11; Linux x86_64) AppleWebKit/537.36 (KHTML, like Gecko) Chrome/148.0.0.0 Safari/537.36",,production,master,MISS,function,/[locale]/shipping-containers/[intent]/cities/[city].rsc,www.containerboard.eu,container-board-btgqho7q0-karoltyminskikarol-7049s-projects.vercel.app,dpl_8LJAAsuAooYajc3Te4fpCQKP1vm4,5,arn1,86,4096,,prj_lePpUO0zajFeJ8CzF4GlD0LZK78U,,,hvc_40b8f8de726b4f93bc3ba477917c,hvc_40b8f8de726b4f93bc3ba477917c,1,,
2026-05-28 06:42:09,1779950529562,www.containerboard.eu/pl/shipping-containers/for-sale/cities/bydgoszcz,GET,_rsc=26s0a,200,sqdc4-1779950529562-57ac64867cac,"Mozilla/5.0 (X11; Linux x86_64) AppleWebKit/537.36 (KHTML, like Gecko) Chrome/148.0.0.0 Safari/537.36",,production,master,MISS,middleware,/_middleware,www.containerboard.eu,container-board-btgqho7q0-karoltyminskikarol-7049s-projects.vercel.app,dpl_8LJAAsuAooYajc3Te4fpCQKP1vm4,5,arn1,287,4096,,prj_lePpUO0zajFeJ8CzF4GlD0LZK78U,,,01KSPN3B0X85E883X06CAZSPVV,M802CPO7BM79,1,,
2026-05-28 06:42:09,1779950529562,www.containerboard.eu/pl/shipping-containers/for-sale/cities/bydgoszcz,GET,_rsc=26s0a,200,sqdc4-1779950529562-57ac64867cac,"Mozilla/5.0 (X11; Linux x86_64) AppleWebKit/537.36 (KHTML, like Gecko) Chrome/148.0.0.0 Safari/537.36",,production,master,MISS,function,/[locale]/shipping-containers/[intent]/cities/[city].rsc,www.containerboard.eu,container-board-btgqho7q0-karoltyminskikarol-7049s-projects.vercel.app,dpl_8LJAAsuAooYajc3Te4fpCQKP1vm4,4,arn1,86,4096,,prj_lePpUO0zajFeJ8CzF4GlD0LZK78U,,,hvc_40b8f8de726b4f93bc3ba477917c,hvc_40b8f8de726b4f93bc3ba477917c,1,,
2026-05-28 06:42:09,1779950529550,www.containerboard.eu/pl/shipping-containers/for-sale/cities/lublin,GET,_rsc=26s0a,200,7tp5n-1779950529550-e815b3326a6f,"Mozilla/5.0 (X11; Linux x86_64) AppleWebKit/537.36 (KHTML, like Gecko) Chrome/148.0.0.0 Safari/537.36",,production,master,MISS,middleware,/_middleware,www.containerboard.eu,container-board-btgqho7q0-karoltyminskikarol-7049s-projects.vercel.app,dpl_8LJAAsuAooYajc3Te4fpCQKP1vm4,5,arn1,282,4096,,prj_lePpUO0zajFeJ8CzF4GlD0LZK78U,,,01KSPN3B0H96NA29MS17YWTEF1,jGrrjHm14wnZ,1,,
2026-05-28 06:42:09,1779950529550,www.containerboard.eu/pl/shipping-containers/for-sale/cities/lublin,GET,_rsc=26s0a,200,7tp5n-1779950529550-e815b3326a6f,"Mozilla/5.0 (X11; Linux x86_64) AppleWebKit/537.36 (KHTML, like Gecko) Chrome/148.0.0.0 Safari/537.36",,production,master,MISS,function,/[locale]/shipping-containers/[intent]/cities/[city].rsc,www.containerboard.eu,container-board-btgqho7q0-karoltyminskikarol-7049s-projects.vercel.app,dpl_8LJAAsuAooYajc3Te4fpCQKP1vm4,5,arn1,86,4096,,prj_lePpUO0zajFeJ8CzF4GlD0LZK78U,,,hvc_40b8f8de726b4f93bc3ba477917c,hvc_40b8f8de726b4f93bc3ba477917c,1,,
2026-05-28 06:42:09,1779950529524,www.containerboard.eu/pl/shipping-containers/for-sale/cities/bialystok,GET,_rsc=26s0a,200,sqdc4-1779950529524-d2249d3e58f8,"Mozilla/5.0 (X11; Linux x86_64) AppleWebKit/537.36 (KHTML, like Gecko) Chrome/148.0.0.0 Safari/537.36",,production,master,MISS,middleware,/_middleware,www.containerboard.eu,container-board-btgqho7q0-karoltyminskikarol-7049s-projects.vercel.app,dpl_8LJAAsuAooYajc3Te4fpCQKP1vm4,7,arn1,282,4096,,prj_lePpUO0zajFeJ8CzF4GlD0LZK78U,,,01KSPN3AZQGYDG13AECWRWJDS0,jGrrjHm14wnZ,1,,
2026-05-28 06:42:09,1779950529524,www.containerboard.eu/pl/shipping-containers/for-sale/cities/bialystok,GET,_rsc=26s0a,200,sqdc4-1779950529524-d2249d3e58f8,"Mozilla/5.0 (X11; Linux x86_64) AppleWebKit/537.36 (KHTML, like Gecko) Chrome/148.0.0.0 Safari/537.36",,production,master,MISS,function,/[locale]/shipping-containers/[intent]/cities/[city].rsc,www.containerboard.eu,container-board-btgqho7q0-karoltyminskikarol-7049s-projects.vercel.app,dpl_8LJAAsuAooYajc3Te4fpCQKP1vm4,5,arn1,86,4096,,prj_lePpUO0zajFeJ8CzF4GlD0LZK78U,,,hvc_40b8f8de726b4f93bc3ba477917c,hvc_40b8f8de726b4f93bc3ba477917c,1,,
2026-05-28 06:42:09,1779950529508,www.containerboard.eu/pl/shipping-containers/for-sale/cities/katowice,GET,_rsc=26s0a,200,7tp5n-1779950529508-f4d733ec3bd7,"Mozilla/5.0 (X11; Linux x86_64) AppleWebKit/537.36 (KHTML, like Gecko) Chrome/148.0.0.0 Safari/537.36",,production,master,MISS,middleware,/_middleware,www.containerboard.eu,container-board-btgqho7q0-karoltyminskikarol-7049s-projects.vercel.app,dpl_8LJAAsuAooYajc3Te4fpCQKP1vm4,7,arn1,281,4096,,prj_lePpUO0zajFeJ8CzF4GlD0LZK78U,,,01KSPN3AZ73Y88Z5M8SJE7VBKH,jGrrjHm14wnZ,1,,
2026-05-28 06:42:09,1779950529508,www.containerboard.eu/pl/shipping-containers/for-sale/cities/katowice,GET,_rsc=26s0a,200,7tp5n-1779950529508-f4d733ec3bd7,"Mozilla/5.0 (X11; Linux x86_64) AppleWebKit/537.36 (KHTML, like Gecko) Chrome/148.0.0.0 Safari/537.36",,production,master,MISS,function,/[locale]/shipping-containers/[intent]/cities/[city].rsc,www.containerboard.eu,container-board-btgqho7q0-karoltyminskikarol-7049s-projects.vercel.app,dpl_8LJAAsuAooYajc3Te4fpCQKP1vm4,4,arn1,86,4096,,prj_lePpUO0zajFeJ8CzF4GlD0LZK78U,,,hvc_40b8f8de726b4f93bc3ba477917c,hvc_40b8f8de726b4f93bc3ba477917c,1,,
2026-05-28 06:42:09,1779950529481,www.containerboard.eu/pl/shipping-containers/for-sale/cities/gdynia,GET,_rsc=26s0a,200,sqdc4-1779950529481-3b0189f98028,"Mozilla/5.0 (X11; Linux x86_64) AppleWebKit/537.36 (KHTML, like Gecko) Chrome/148.0.0.0 Safari/537.36",,production,master,MISS,middleware,/_middleware,www.containerboard.eu,container-board-btgqho7q0-karoltyminskikarol-7049s-projects.vercel.app,dpl_8LJAAsuAooYajc3Te4fpCQKP1vm4,6,arn1,287,4096,,prj_lePpUO0zajFeJ8CzF4GlD0LZK78U,,,01KSPN3AYDDJAD2J4MKBTDTZ1Q,M802CPO7BM79,1,,
2026-05-28 06:42:09,1779950529481,www.containerboard.eu/pl/shipping-containers/for-sale/cities/gdynia,GET,_rsc=26s0a,200,sqdc4-1779950529481-3b0189f98028,"Mozilla/5.0 (X11; Linux x86_64) AppleWebKit/537.36 (KHTML, like Gecko) Chrome/148.0.0.0 Safari/537.36",,production,master,MISS,function,/[locale]/shipping-containers/[intent]/cities/[city].rsc,www.containerboard.eu,container-board-btgqho7q0-karoltyminskikarol-7049s-projects.vercel.app,dpl_8LJAAsuAooYajc3Te4fpCQKP1vm4,4,arn1,86,4096,,prj_lePpUO0zajFeJ8CzF4GlD0LZK78U,,,hvc_40b8f8de726b4f93bc3ba477917c,hvc_40b8f8de726b4f93bc3ba477917c,1,,
2026-05-28 06:42:09,1779950529480,www.containerboard.eu/pl/shipping-containers/for-sale/cities/czestochowa,GET,_rsc=26s0a,200,76svs-1779950529480-163ec6325f28,"Mozilla/5.0 (X11; Linux x86_64) AppleWebKit/537.36 (KHTML, like Gecko) Chrome/148.0.0.0 Safari/537.36",,production,master,MISS,middleware,/_middleware,www.containerboard.eu,container-board-btgqho7q0-karoltyminskikarol-7049s-projects.vercel.app,dpl_8LJAAsuAooYajc3Te4fpCQKP1vm4,7,arn1,281,4096,,prj_lePpUO0zajFeJ8CzF4GlD0LZK78U,,,01KSPN3AYDDJAD2J4MKADNXK2B,jGrrjHm14wnZ,1,,
2026-05-28 06:42:09,1779950529480,www.containerboard.eu/pl/shipping-containers/for-sale/cities/czestochowa,GET,_rsc=26s0a,200,76svs-1779950529480-163ec6325f28,"Mozilla/5.0 (X11; Linux x86_64) AppleWebKit/537.36 (KHTML, like Gecko) Chrome/148.0.0.0 Safari/537.36",,production,master,MISS,function,/[locale]/shipping-containers/[intent]/cities/[city].rsc,www.containerboard.eu,container-board-btgqho7q0-karoltyminskikarol-7049s-projects.vercel.app,dpl_8LJAAsuAooYajc3Te4fpCQKP1vm4,5,arn1,86,4096,,prj_lePpUO0zajFeJ8CzF4GlD0LZK78U,,,hvc_40b8f8de726b4f93bc3ba477917c,hvc_40b8f8de726b4f93bc3ba477917c,1,,
2026-05-28 06:42:09,1779950529452,www.containerboard.eu/pl/shipping-containers/for-sale/cities/radom,GET,_rsc=26s0a,200,7tp5n-1779950529452-7c2715d5d3ff,"Mozilla/5.0 (X11; Linux x86_64) AppleWebKit/537.36 (KHTML, like Gecko) Chrome/148.0.0.0 Safari/537.36",,production,master,MISS,middleware,/_middleware,www.containerboard.eu,container-board-btgqho7q0-karoltyminskikarol-7049s-projects.vercel.app,dpl_8LJAAsuAooYajc3Te4fpCQKP1vm4,5,arn1,287,4096,,prj_lePpUO0zajFeJ8CzF4GlD0LZK78U,,,01KSPN3AXFPS6XFBN5D835VRBQ,M802CPO7BM79,1,,
2026-05-28 06:42:09,1779950529452,www.containerboard.eu/pl/shipping-containers/for-sale/cities/radom,GET,_rsc=26s0a,200,7tp5n-1779950529452-7c2715d5d3ff,"Mozilla/5.0 (X11; Linux x86_64) AppleWebKit/537.36 (KHTML, like Gecko) Chrome/148.0.0.0 Safari/537.36",,production,master,MISS,function,/[locale]/shipping-containers/[intent]/cities/[city].rsc,www.containerboard.eu,container-board-btgqho7q0-karoltyminskikarol-7049s-projects.vercel.app,dpl_8LJAAsuAooYajc3Te4fpCQKP1vm4,4,arn1,86,4096,,prj_lePpUO0zajFeJ8CzF4GlD0LZK78U,,,hvc_40b8f8de726b4f93bc3ba477917c,hvc_40b8f8de726b4f93bc3ba477917c,1,,
2026-05-28 06:42:09,1779950529427,www.containerboard.eu/pl/shipping-containers/for-sale/cities/sosnowiec,GET,_rsc=26s0a,200,76svs-1779950529427-f749525dfc70,"Mozilla/5.0 (X11; Linux x86_64) AppleWebKit/537.36 (KHTML, like Gecko) Chrome/148.0.0.0 Safari/537.36",,production,master,MISS,middleware,/_middleware,www.containerboard.eu,container-board-btgqho7q0-karoltyminskikarol-7049s-projects.vercel.app,dpl_8LJAAsuAooYajc3Te4fpCQKP1vm4,6,arn1,287,4096,,prj_lePpUO0zajFeJ8CzF4GlD0LZK78U,,,01KSPN3AWPRHC6RAWVZJ4NJBY8,M802CPO7BM79,1,,
2026-05-28 06:42:09,1779950529427,www.containerboard.eu/pl/shipping-containers/for-sale/cities/sosnowiec,GET,_rsc=26s0a,200,76svs-1779950529427-f749525dfc70,"Mozilla/5.0 (X11; Linux x86_64) AppleWebKit/537.36 (KHTML, like Gecko) Chrome/148.0.0.0 Safari/537.36",,production,master,MISS,function,/[locale]/shipping-containers/[intent]/cities/[city].rsc,www.containerboard.eu,container-board-btgqho7q0-karoltyminskikarol-7049s-projects.vercel.app,dpl_8LJAAsuAooYajc3Te4fpCQKP1vm4,13,arn1,86,4096,,prj_lePpUO0zajFeJ8CzF4GlD0LZK78U,,,hvc_40b8f8de726b4f93bc3ba477917c,hvc_40b8f8de726b4f93bc3ba477917c,1,,
2026-05-28 06:42:09,1779950529410,www.containerboard.eu/pl/shipping-containers/for-sale/cities/torun,GET,_rsc=26s0a,200,7tp5n-1779950529410-b360383efc8f,"Mozilla/5.0 (X11; Linux x86_64) AppleWebKit/537.36 (KHTML, like Gecko) Chrome/148.0.0.0 Safari/537.36",,production,master,MISS,middleware,/_middleware,www.containerboard.eu,container-board-btgqho7q0-karoltyminskikarol-7049s-projects.vercel.app,dpl_8LJAAsuAooYajc3Te4fpCQKP1vm4,6,arn1,281,4096,,prj_lePpUO0zajFeJ8CzF4GlD0LZK78U,,,01KSPN3AW541TS38A2XSP3TMDY,jGrrjHm14wnZ,1,,
2026-05-28 06:42:09,1779950529410,www.containerboard.eu/pl/shipping-containers/for-sale/cities/torun,GET,_rsc=26s0a,200,7tp5n-1779950529410-b360383efc8f,"Mozilla/5.0 (X11; Linux x86_64) AppleWebKit/537.36 (KHTML, like Gecko) Chrome/148.0.0.0 Safari/537.36",,production,master,MISS,function,/[locale]/shipping-containers/[intent]/cities/[city].rsc,www.containerboard.eu,container-board-btgqho7q0-karoltyminskikarol-7049s-projects.vercel.app,dpl_8LJAAsuAooYajc3Te4fpCQKP1vm4,4,arn1,86,4096,,prj_lePpUO0zajFeJ8CzF4GlD0LZK78U,,,hvc_40b8f8de726b4f93bc3ba477917c,hvc_40b8f8de726b4f93bc3ba477917c,1,,
2026-05-28 06:42:09,1779950529374,www.containerboard.eu/pl/shipping-containers/for-sale/cities/kielce,GET,_rsc=26s0a,200,4l8nj-1779950529374-88b01b089c73,"Mozilla/5.0 (X11; Linux x86_64) AppleWebKit/537.36 (KHTML, like Gecko) Chrome/148.0.0.0 Safari/537.36",,production,master,MISS,middleware,/_middleware,www.containerboard.eu,container-board-btgqho7q0-karoltyminskikarol-7049s-projects.vercel.app,dpl_8LJAAsuAooYajc3Te4fpCQKP1vm4,6,arn1,281,4096,,prj_lePpUO0zajFeJ8CzF4GlD0LZK78U,,,01KSPN3AV1GCCMR2TDXZDR26EK,jGrrjHm14wnZ,1,,
2026-05-28 06:42:09,1779950529374,www.containerboard.eu/pl/shipping-containers/for-sale/cities/kielce,GET,_rsc=26s0a,200,4l8nj-1779950529374-88b01b089c73,"Mozilla/5.0 (X11; Linux x86_64) AppleWebKit/537.36 (KHTML, like Gecko) Chrome/148.0.0.0 Safari/537.36",,production,master,MISS,function,/[locale]/shipping-containers/[intent]/cities/[city].rsc,www.containerboard.eu,container-board-btgqho7q0-karoltyminskikarol-7049s-projects.vercel.app,dpl_8LJAAsuAooYajc3Te4fpCQKP1vm4,3,arn1,86,4096,,prj_lePpUO0zajFeJ8CzF4GlD0LZK78U,,,hvc_40b8f8de726b4f93bc3ba477917c,hvc_40b8f8de726b4f93bc3ba477917c,1,,
2026-05-28 06:42:09,1779950529355,www.containerboard.eu/pl/shipping-containers/for-sale/cities/rzeszow,GET,_rsc=26s0a,200,7tp5n-1779950529355-0a0fcdd5f764,"Mozilla/5.0 (X11; Linux x86_64) AppleWebKit/537.36 (KHTML, like Gecko) Chrome/148.0.0.0 Safari/537.36",,production,master,MISS,middleware,/_middleware,www.containerboard.eu,container-board-btgqho7q0-karoltyminskikarol-7049s-projects.vercel.app,dpl_8LJAAsuAooYajc3Te4fpCQKP1vm4,7,arn1,280,4096,,prj_lePpUO0zajFeJ8CzF4GlD0LZK78U,,,01KSPN3ATF3N6P8P09RFPKASW6,jGrrjHm14wnZ,1,,
2026-05-28 06:42:09,1779950529355,www.containerboard.eu/pl/shipping-containers/for-sale/cities/rzeszow,GET,_rsc=26s0a,200,7tp5n-1779950529355-0a0fcdd5f764,"Mozilla/5.0 (X11; Linux x86_64) AppleWebKit/537.36 (KHTML, like Gecko) Chrome/148.0.0.0 Safari/537.36",,production,master,MISS,function,/[locale]/shipping-containers/[intent]/cities/[city].rsc,www.containerboard.eu,container-board-btgqho7q0-karoltyminskikarol-7049s-projects.vercel.app,dpl_8LJAAsuAooYajc3Te4fpCQKP1vm4,3,arn1,86,4096,,prj_lePpUO0zajFeJ8CzF4GlD0LZK78U,,,hvc_40b8f8de726b4f93bc3ba477917c,hvc_40b8f8de726b4f93bc3ba477917c,1,,
2026-05-28 06:42:09,1779950529335,www.containerboard.eu/pl/shipping-containers/for-sale/cities/gliwice,GET,_rsc=26s0a,200,ggs8n-1779950529335-add861094802,"Mozilla/5.0 (X11; Linux x86_64) AppleWebKit/537.36 (KHTML, like Gecko) Chrome/148.0.0.0 Safari/537.36",,production,master,MISS,middleware,/_middleware,www.containerboard.eu,container-board-btgqho7q0-karoltyminskikarol-7049s-projects.vercel.app,dpl_8LJAAsuAooYajc3Te4fpCQKP1vm4,6,arn1,287,4096,,prj_lePpUO0zajFeJ8CzF4GlD0LZK78U,,,01KSPN3AW2RC6QJWNAA1KJEH14,M802CPO7BM79,1,,
2026-05-28 06:42:09,1779950529335,www.containerboard.eu/pl/shipping-containers/for-sale/cities/gliwice,GET,_rsc=26s0a,200,ggs8n-1779950529335-add861094802,"Mozilla/5.0 (X11; Linux x86_64) AppleWebKit/537.36 (KHTML, like Gecko) Chrome/148.0.0.0 Safari/537.36",,production,master,MISS,function,/[locale]/shipping-containers/[intent]/cities/[city].rsc,www.containerboard.eu,container-board-btgqho7q0-karoltyminskikarol-7049s-projects.vercel.app,dpl_8LJAAsuAooYajc3Te4fpCQKP1vm4,3,arn1,86,4096,,prj_lePpUO0zajFeJ8CzF4GlD0LZK78U,,,hvc_40b8f8de726b4f93bc3ba477917c,hvc_40b8f8de726b4f93bc3ba477917c,1,,
2026-05-28 06:42:09,1779950529307,www.containerboard.eu/pl/shipping-containers/for-sale/cities/zabrze,GET,_rsc=26s0a,200,4l8nj-1779950529307-6858289c7b48,"Mozilla/5.0 (X11; Linux x86_64) AppleWebKit/537.36 (KHTML, like Gecko) Chrome/148.0.0.0 Safari/537.36",,production,master,MISS,middleware,/_middleware,www.containerboard.eu,container-board-btgqho7q0-karoltyminskikarol-7049s-projects.vercel.app,dpl_8LJAAsuAooYajc3Te4fpCQKP1vm4,6,arn1,287,4096,,prj_lePpUO0zajFeJ8CzF4GlD0LZK78U,,,01KSPN3ARZRAFSNHXS6NTZEX9B,M802CPO7BM79,1,,
2026-05-28 06:42:09,1779950529307,www.containerboard.eu/pl/shipping-containers/for-sale/cities/zabrze,GET,_rsc=26s0a,200,4l8nj-1779950529307-6858289c7b48,"Mozilla/5.0 (X11; Linux x86_64) AppleWebKit/537.36 (KHTML, like Gecko) Chrome/148.0.0.0 Safari/537.36",,production,master,MISS,function,/[locale]/shipping-containers/[intent]/cities/[city].rsc,www.containerboard.eu,container-board-btgqho7q0-karoltyminskikarol-7049s-projects.vercel.app,dpl_8LJAAsuAooYajc3Te4fpCQKP1vm4,4,arn1,86,4096,,prj_lePpUO0zajFeJ8CzF4GlD0LZK78U,,,hvc_40b8f8de726b4f93bc3ba477917c,hvc_40b8f8de726b4f93bc3ba477917c,1,,
2026-05-28 06:42:09,1779950529301,www.containerboard.eu/pl/shipping-containers/for-sale/cities/bytom,GET,_rsc=26s0a,200,f8s5t-1779950529301-828031e2fa07,"Mozilla/5.0 (X11; Linux x86_64) AppleWebKit/537.36 (KHTML, like Gecko) Chrome/148.0.0.0 Safari/537.36",,production,master,MISS,middleware,/_middleware,www.containerboard.eu,container-board-btgqho7q0-karoltyminskikarol-7049s-projects.vercel.app,dpl_8LJAAsuAooYajc3Te4fpCQKP1vm4,6,arn1,280,4096,,prj_lePpUO0zajFeJ8CzF4GlD0LZK78U,,,01KSPN3ARQN3NBT32B4EQ640JS,jGrrjHm14wnZ,1,,
2026-05-28 06:42:09,1779950529301,www.containerboard.eu/pl/shipping-containers/for-sale/cities/bytom,GET,_rsc=26s0a,200,f8s5t-1779950529301-828031e2fa07,"Mozilla/5.0 (X11; Linux x86_64) AppleWebKit/537.36 (KHTML, like Gecko) Chrome/148.0.0.0 Safari/537.36",,production,master,MISS,function,/[locale]/shipping-containers/[intent]/cities/[city].rsc,www.containerboard.eu,container-board-btgqho7q0-karoltyminskikarol-7049s-projects.vercel.app,dpl_8LJAAsuAooYajc3Te4fpCQKP1vm4,26,arn1,86,4096,,prj_lePpUO0zajFeJ8CzF4GlD0LZK78U,,,hvc_40b8f8de726b4f93bc3ba477917c,hvc_40b8f8de726b4f93bc3ba477917c,1,,
2026-05-28 06:42:09,1779950529274,www.containerboard.eu/pl/shipping-containers/for-sale/cities/olsztyn,GET,_rsc=26s0a,200,d678d-1779950529274-dfdbb7d1c9de,"Mozilla/5.0 (X11; Linux x86_64) AppleWebKit/537.36 (KHTML, like Gecko) Chrome/148.0.0.0 Safari/537.36",,production,master,MISS,middleware,/_middleware,www.containerboard.eu,container-board-btgqho7q0-karoltyminskikarol-7049s-projects.vercel.app,dpl_8LJAAsuAooYajc3Te4fpCQKP1vm4,8,arn1,280,4096,,prj_lePpUO0zajFeJ8CzF4GlD0LZK78U,,,01KSPN3AR0TG7XXWPGTVX6FHFK,jGrrjHm14wnZ,1,,
2026-05-28 06:42:09,1779950529274,www.containerboard.eu/pl/shipping-containers/for-sale/cities/olsztyn,GET,_rsc=26s0a,200,d678d-1779950529274-dfdbb7d1c9de,"Mozilla/5.0 (X11; Linux x86_64) AppleWebKit/537.36 (KHTML, like Gecko) Chrome/148.0.0.0 Safari/537.36",,production,master,MISS,function,/[locale]/shipping-containers/[intent]/cities/[city].rsc,www.containerboard.eu,container-board-btgqho7q0-karoltyminskikarol-7049s-projects.vercel.app,dpl_8LJAAsuAooYajc3Te4fpCQKP1vm4,14,arn1,86,4096,,prj_lePpUO0zajFeJ8CzF4GlD0LZK78U,,,hvc_40b8f8de726b4f93bc3ba477917c,hvc_40b8f8de726b4f93bc3ba477917c,1,,
2026-05-28 06:42:09,1779950529264,www.containerboard.eu/pl/shipping-containers/for-sale/cities/bielsko-biala,GET,_rsc=26s0a,200,f8s5t-1779950529264-9cbb01879d85,"Mozilla/5.0 (X11; Linux x86_64) AppleWebKit/537.36 (KHTML, like Gecko) Chrome/148.0.0.0 Safari/537.36",,production,master,MISS,middleware,/_middleware,www.containerboard.eu,container-board-btgqho7q0-karoltyminskikarol-7049s-projects.vercel.app,dpl_8LJAAsuAooYajc3Te4fpCQKP1vm4,9,arn1,287,4096,,prj_lePpUO0zajFeJ8CzF4GlD0LZK78U,,,01KSPN3AQKNVZSBKW7DRG9M0NS,M802CPO7BM79,1,,
2026-05-28 06:42:09,1779950529264,www.containerboard.eu/pl/shipping-containers/for-sale/cities/bielsko-biala,GET,_rsc=26s0a,200,f8s5t-1779950529264-9cbb01879d85,"Mozilla/5.0 (X11; Linux x86_64) AppleWebKit/537.36 (KHTML, like Gecko) Chrome/148.0.0.0 Safari/537.36",,production,master,MISS,function,/[locale]/shipping-containers/[intent]/cities/[city].rsc,www.containerboard.eu,container-board-btgqho7q0-karoltyminskikarol-7049s-projects.vercel.app,dpl_8LJAAsuAooYajc3Te4fpCQKP1vm4,5,arn1,86,4096,,prj_lePpUO0zajFeJ8CzF4GlD0LZK78U,,,hvc_40b8f8de726b4f93bc3ba477917c,hvc_40b8f8de726b4f93bc3ba477917c,1,,
2026-05-28 06:42:09,1779950529243,www.containerboard.eu/pl/shipping-containers/for-sale/cities/zielona-gora,GET,_rsc=26s0a,200,pn56g-1779950529243-0fc8ddaadca3,"Mozilla/5.0 (X11; Linux x86_64) AppleWebKit/537.36 (KHTML, like Gecko) Chrome/148.0.0.0 Safari/537.36",,production,master,MISS,middleware,/_middleware,www.containerboard.eu,container-board-btgqho7q0-karoltyminskikarol-7049s-projects.vercel.app,dpl_8LJAAsuAooYajc3Te4fpCQKP1vm4,6,arn1,286,4096,,prj_lePpUO0zajFeJ8CzF4GlD0LZK78U,,,01KSPN3APY33FC3RAVG71EG2CG,M802CPO7BM79,1,,
2026-05-28 06:42:09,1779950529243,www.containerboard.eu/pl/shipping-containers/for-sale/cities/zielona-gora,GET,_rsc=26s0a,200,pn56g-1779950529243-0fc8ddaadca3,"Mozilla/5.0 (X11; Linux x86_64) AppleWebKit/537.36 (KHTML, like Gecko) Chrome/148.0.0.0 Safari/537.36",,production,master,MISS,function,/[locale]/shipping-containers/[intent]/cities/[city].rsc,www.containerboard.eu,container-board-btgqho7q0-karoltyminskikarol-7049s-projects.vercel.app,dpl_8LJAAsuAooYajc3Te4fpCQKP1vm4,6,arn1,86,4096,,prj_lePpUO0zajFeJ8CzF4GlD0LZK78U,,,hvc_40b8f8de726b4f93bc3ba477917c,hvc_40b8f8de726b4f93bc3ba477917c,1,,
2026-05-28 06:42:09,1779950529226,www.containerboard.eu/pl/shipping-containers/for-sale/cities/rybnik,GET,_rsc=26s0a,200,4l8nj-1779950529226-45da765ff294,"Mozilla/5.0 (X11; Linux x86_64) AppleWebKit/537.36 (KHTML, like Gecko) Chrome/148.0.0.0 Safari/537.36",,production,master,MISS,middleware,/_middleware,www.containerboard.eu,container-board-btgqho7q0-karoltyminskikarol-7049s-projects.vercel.app,dpl_8LJAAsuAooYajc3Te4fpCQKP1vm4,6,arn1,286,4096,,prj_lePpUO0zajFeJ8CzF4GlD0LZK78U,,,01KSPN3APEQASWE4B3JET6P4BH,M802CPO7BM79,1,,
2026-05-28 06:42:09,1779950529226,www.containerboard.eu/pl/shipping-containers/for-sale/cities/rybnik,GET,_rsc=26s0a,200,4l8nj-1779950529226-45da765ff294,"Mozilla/5.0 (X11; Linux x86_64) AppleWebKit/537.36 (KHTML, like Gecko) Chrome/148.0.0.0 Safari/537.36",,production,master,MISS,function,/[locale]/shipping-containers/[intent]/cities/[city].rsc,www.containerboard.eu,container-board-btgqho7q0-karoltyminskikarol-7049s-projects.vercel.app,dpl_8LJAAsuAooYajc3Te4fpCQKP1vm4,4,arn1,86,4096,,prj_lePpUO0zajFeJ8CzF4GlD0LZK78U,,,hvc_40b8f8de726b4f93bc3ba477917c,hvc_40b8f8de726b4f93bc3ba477917c,1,,
2026-05-28 06:42:09,1779950529187,www.containerboard.eu/pl/shipping-containers/for-sale/cities/ruda-slaska,GET,_rsc=26s0a,200,wz2gz-1779950529187-e4bf3880a6cb,"Mozilla/5.0 (X11; Linux x86_64) AppleWebKit/537.36 (KHTML, like Gecko) Chrome/148.0.0.0 Safari/537.36",,production,master,MISS,middleware,/_middleware,www.containerboard.eu,container-board-btgqho7q0-karoltyminskikarol-7049s-projects.vercel.app,dpl_8LJAAsuAooYajc3Te4fpCQKP1vm4,5,arn1,286,4096,,prj_lePpUO0zajFeJ8CzF4GlD0LZK78U,,,01KSPN3AN51BEW4YN64Y691M6P,M802CPO7BM79,1,,
2026-05-28 06:42:09,1779950529187,www.containerboard.eu/pl/shipping-containers/for-sale/cities/ruda-slaska,GET,_rsc=26s0a,200,wz2gz-1779950529187-e4bf3880a6cb,"Mozilla/5.0 (X11; Linux x86_64) AppleWebKit/537.36 (KHTML, like Gecko) Chrome/148.0.0.0 Safari/537.36",,production,master,MISS,function,/[locale]/shipping-containers/[intent]/cities/[city].rsc,www.containerboard.eu,container-board-btgqho7q0-karoltyminskikarol-7049s-projects.vercel.app,dpl_8LJAAsuAooYajc3Te4fpCQKP1vm4,14,arn1,87,4096,,prj_lePpUO0zajFeJ8CzF4GlD0LZK78U,,,hvc_40b8f8de726b4f93bc3ba477917c,hvc_40b8f8de726b4f93bc3ba477917c,1,,
2026-05-28 06:42:09,1779950529176,www.containerboard.eu/pl/shipping-containers/for-sale/cities/tychy,GET,_rsc=26s0a,200,vtnn9-1779950529176-b505e2ff25a2,"Mozilla/5.0 (X11; Linux x86_64) AppleWebKit/537.36 (KHTML, like Gecko) Chrome/148.0.0.0 Safari/537.36",,production,master,MISS,middleware,/_middleware,www.containerboard.eu,container-board-btgqho7q0-karoltyminskikarol-7049s-projects.vercel.app,dpl_8LJAAsuAooYajc3Te4fpCQKP1vm4,6,arn1,280,4096,,prj_lePpUO0zajFeJ8CzF4GlD0LZK78U,,,01KSPN3AMVM1VWF609T69CTXZM,jGrrjHm14wnZ,1,,
2026-05-28 06:42:09,1779950529176,www.containerboard.eu/pl/shipping-containers/for-sale/cities/tychy,GET,_rsc=26s0a,200,vtnn9-1779950529176-b505e2ff25a2,"Mozilla/5.0 (X11; Linux x86_64) AppleWebKit/537.36 (KHTML, like Gecko) Chrome/148.0.0.0 Safari/537.36",,production,master,MISS,function,/[locale]/shipping-containers/[intent]/cities/[city].rsc,www.containerboard.eu,container-board-btgqho7q0-karoltyminskikarol-7049s-projects.vercel.app,dpl_8LJAAsuAooYajc3Te4fpCQKP1vm4,4,arn1,87,4096,,prj_lePpUO0zajFeJ8CzF4GlD0LZK78U,,,hvc_40b8f8de726b4f93bc3ba477917c,hvc_40b8f8de726b4f93bc3ba477917c,1,,
2026-05-28 06:42:09,1779950529162,www.containerboard.eu/pl/shipping-containers/for-sale/cities/gorzow-wielkopolski,GET,_rsc=26s0a,200,pn56g-1779950529162-fa37174f742b,"Mozilla/5.0 (X11; Linux x86_64) AppleWebKit/537.36 (KHTML, like Gecko) Chrome/148.0.0.0 Safari/537.36",,production,master,MISS,middleware,/_middleware,www.containerboard.eu,container-board-btgqho7q0-karoltyminskikarol-7049s-projects.vercel.app,dpl_8LJAAsuAooYajc3Te4fpCQKP1vm4,7,arn1,286,4096,,prj_lePpUO0zajFeJ8CzF4GlD0LZK78U,,,01KSPN3AMENNJ40DA0H6YAK1GM,M802CPO7BM79,1,,
2026-05-28 06:42:09,1779950529162,www.containerboard.eu/pl/shipping-containers/for-sale/cities/gorzow-wielkopolski,GET,_rsc=26s0a,200,pn56g-1779950529162-fa37174f742b,"Mozilla/5.0 (X11; Linux x86_64) AppleWebKit/537.36 (KHTML, like Gecko) Chrome/148.0.0.0 Safari/537.36",,production,master,MISS,function,/[locale]/shipping-containers/[intent]/cities/[city].rsc,www.containerboard.eu,container-board-btgqho7q0-karoltyminskikarol-7049s-projects.vercel.app,dpl_8LJAAsuAooYajc3Te4fpCQKP1vm4,4,arn1,86,4096,,prj_lePpUO0zajFeJ8CzF4GlD0LZK78U,,,hvc_40b8f8de726b4f93bc3ba477917c,hvc_40b8f8de726b4f93bc3ba477917c,1,,
2026-05-28 06:42:09,1779950529076,www.containerboard.eu/pl/shipping-containers/for-sale/cities/plock,GET,_rsc=26s0a,200,v8tps-1779950529076-0f284b621cc6,"Mozilla/5.0 (X11; Linux x86_64) AppleWebKit/537.36 (KHTML, like Gecko) Chrome/148.0.0.0 Safari/537.36",,production,master,MISS,middleware,/_middleware,www.containerboard.eu,container-board-btgqho7q0-karoltyminskikarol-7049s-projects.vercel.app,dpl_8LJAAsuAooYajc3Te4fpCQKP1vm4,6,arn1,285,4096,,prj_lePpUO0zajFeJ8CzF4GlD0LZK78U,,,01KSPN3AHR7FMHFDBDPG2P0S3T,lKM52kxNOV9m,1,,
2026-05-28 06:42:09,1779950529076,www.containerboard.eu/pl/shipping-containers/for-sale/cities/plock,GET,_rsc=26s0a,200,v8tps-1779950529076-0f284b621cc6,"Mozilla/5.0 (X11; Linux x86_64) AppleWebKit/537.36 (KHTML, like Gecko) Chrome/148.0.0.0 Safari/537.36",,production,master,MISS,function,/[locale]/shipping-containers/[intent]/cities/[city].rsc,www.containerboard.eu,container-board-btgqho7q0-karoltyminskikarol-7049s-projects.vercel.app,dpl_8LJAAsuAooYajc3Te4fpCQKP1vm4,15,arn1,86,4096,,prj_lePpUO0zajFeJ8CzF4GlD0LZK78U,,,hvc_40b8f8de726b4f93bc3ba477917c,hvc_40b8f8de726b4f93bc3ba477917c,1,,
2026-05-28 06:42:09,1779950529076,www.containerboard.eu/pl/shipping-containers/for-sale/countries/albania,GET,_rsc=26s0a,200,sqdc4-1779950529076-bb37db09e3be,"Mozilla/5.0 (X11; Linux x86_64) AppleWebKit/537.36 (KHTML, like Gecko) Chrome/148.0.0.0 Safari/537.36",,production,master,MISS,middleware,/_middleware,www.containerboard.eu,container-board-btgqho7q0-karoltyminskikarol-7049s-projects.vercel.app,dpl_8LJAAsuAooYajc3Te4fpCQKP1vm4,7,arn1,280,4096,,prj_lePpUO0zajFeJ8CzF4GlD0LZK78U,,,01KSPN3AHVX2FCP1V18H453V5J,jGrrjHm14wnZ,1,,
2026-05-28 06:42:09,1779950529076,www.containerboard.eu/pl/shipping-containers/for-sale/countries/albania,GET,_rsc=26s0a,200,sqdc4-1779950529076-bb37db09e3be,"Mozilla/5.0 (X11; Linux x86_64) AppleWebKit/537.36 (KHTML, like Gecko) Chrome/148.0.0.0 Safari/537.36",,production,master,MISS,function,/[locale]/shipping-containers/[intent]/countries/[country].rsc,www.containerboard.eu,container-board-btgqho7q0-karoltyminskikarol-7049s-projects.vercel.app,dpl_8LJAAsuAooYajc3Te4fpCQKP1vm4,21,arn1,86,4096,,prj_lePpUO0zajFeJ8CzF4GlD0LZK78U,,,hvc_40b8f8de726b4f93bc3ba477917c,hvc_40b8f8de726b4f93bc3ba477917c,1,,
2026-05-28 06:42:09,1779950529076,www.containerboard.eu/pl/shipping-containers/for-sale/cities/dabrowa-gornicza,GET,_rsc=26s0a,200,scsdx-1779950529076-d0305b65c0ee,"Mozilla/5.0 (X11; Linux x86_64) AppleWebKit/537.36 (KHTML, like Gecko) Chrome/148.0.0.0 Safari/537.36",,production,master,MISS,middleware,/_middleware,www.containerboard.eu,container-board-btgqho7q0-karoltyminskikarol-7049s-projects.vercel.app,dpl_8LJAAsuAooYajc3Te4fpCQKP1vm4,6,arn1,286,4096,,prj_lePpUO0zajFeJ8CzF4GlD0LZK78U,,,01KSPN3AHTM1BP08B1HZ7MH55D,M802CPO7BM79,1,,
2026-05-28 06:42:09,1779950529076,www.containerboard.eu/pl/shipping-containers/for-sale/cities/dabrowa-gornicza,GET,_rsc=26s0a,200,scsdx-1779950529076-d0305b65c0ee,"Mozilla/5.0 (X11; Linux x86_64) AppleWebKit/537.36 (KHTML, like Gecko) Chrome/148.0.0.0 Safari/537.36",,production,master,MISS,function,/[locale]/shipping-containers/[intent]/cities/[city].rsc,www.containerboard.eu,container-board-btgqho7q0-karoltyminskikarol-7049s-projects.vercel.app,dpl_8LJAAsuAooYajc3Te4fpCQKP1vm4,9,arn1,86,4096,,prj_lePpUO0zajFeJ8CzF4GlD0LZK78U,,,hvc_40b8f8de726b4f93bc3ba477917c,hvc_40b8f8de726b4f93bc3ba477917c,1,,
2026-05-28 06:42:09,1779950529074,www.containerboard.eu/pl/shipping-containers/for-sale/countries/andora,GET,_rsc=26s0a,200,76svs-1779950529074-0f07d9e86dea,"Mozilla/5.0 (X11; Linux x86_64) AppleWebKit/537.36 (KHTML, like Gecko) Chrome/148.0.0.0 Safari/537.36",,production,master,MISS,middleware,/_middleware,www.containerboard.eu,container-board-btgqho7q0-karoltyminskikarol-7049s-projects.vercel.app,dpl_8LJAAsuAooYajc3Te4fpCQKP1vm4,7,arn1,287,4096,,prj_lePpUO0zajFeJ8CzF4GlD0LZK78U,,,01KSPN3AHQTFN6ZN718T7D028Q,x3BRWK8NDVAh,1,,
2026-05-28 06:42:09,1779950529074,www.containerboard.eu/pl/shipping-containers/for-sale/countries/andora,GET,_rsc=26s0a,200,76svs-1779950529074-0f07d9e86dea,"Mozilla/5.0 (X11; Linux x86_64) AppleWebKit/537.36 (KHTML, like Gecko) Chrome/148.0.0.0 Safari/537.36",,production,master,MISS,function,/[locale]/shipping-containers/[intent]/countries/[country].rsc,www.containerboard.eu,container-board-btgqho7q0-karoltyminskikarol-7049s-projects.vercel.app,dpl_8LJAAsuAooYajc3Te4fpCQKP1vm4,4,arn1,86,4096,,prj_lePpUO0zajFeJ8CzF4GlD0LZK78U,,,hvc_40b8f8de726b4f93bc3ba477917c,hvc_40b8f8de726b4f93bc3ba477917c,1,,
2026-05-28 06:42:08,1779950528881,www.containerboard.eu/pl/shipping-containers/for-sale/countries/austria,GET,_rsc=26s0a,200,vtnn9-1779950528881-9842e084c6ce,"Mozilla/5.0 (X11; Linux x86_64) AppleWebKit/537.36 (KHTML, like Gecko) Chrome/148.0.0.0 Safari/537.36",,production,master,MISS,middleware,/_middleware,www.containerboard.eu,container-board-btgqho7q0-karoltyminskikarol-7049s-projects.vercel.app,dpl_8LJAAsuAooYajc3Te4fpCQKP1vm4,8,arn1,287,4096,,prj_lePpUO0zajFeJ8CzF4GlD0LZK78U,,,01KSPN3ABMTT996BBMCCQYHFP2,x3BRWK8NDVAh,1,,
2026-05-28 06:42:08,1779950528881,www.containerboard.eu/pl/shipping-containers/for-sale/countries/austria,GET,_rsc=26s0a,200,vtnn9-1779950528881-9842e084c6ce,"Mozilla/5.0 (X11; Linux x86_64) AppleWebKit/537.36 (KHTML, like Gecko) Chrome/148.0.0.0 Safari/537.36",,production,master,MISS,function,/[locale]/shipping-containers/[intent]/countries/[country].rsc,www.containerboard.eu,container-board-btgqho7q0-karoltyminskikarol-7049s-projects.vercel.app,dpl_8LJAAsuAooYajc3Te4fpCQKP1vm4,8,arn1,418,4096,,prj_lePpUO0zajFeJ8CzF4GlD0LZK78U,,,01KSPN3AFD6BNRRMYRNFEDDSMF,mq1T86Lkynw3,1,,
2026-05-28 06:42:08,1779950528876,www.containerboard.eu/pl/shipping-containers/for-sale/countries/belgia,GET,_rsc=26s0a,200,kwpms-1779950528876-213949d52c0c,"Mozilla/5.0 (X11; Linux x86_64) AppleWebKit/537.36 (KHTML, like Gecko) Chrome/148.0.0.0 Safari/537.36",,production,master,MISS,middleware,/_middleware,www.containerboard.eu,container-board-btgqho7q0-karoltyminskikarol-7049s-projects.vercel.app,dpl_8LJAAsuAooYajc3Te4fpCQKP1vm4,6,arn1,285,4096,,prj_lePpUO0zajFeJ8CzF4GlD0LZK78U,,,01KSPN3ABG1N8VB14HWDTKPY8C,lKM52kxNOV9m,1,,
2026-05-28 06:42:08,1779950528876,www.containerboard.eu/pl/shipping-containers/for-sale/countries/belgia,GET,_rsc=26s0a,200,kwpms-1779950528876-213949d52c0c,"Mozilla/5.0 (X11; Linux x86_64) AppleWebKit/537.36 (KHTML, like Gecko) Chrome/148.0.0.0 Safari/537.36",,production,master,MISS,function,/[locale]/shipping-containers/[intent]/countries/[country].rsc,www.containerboard.eu,container-board-btgqho7q0-karoltyminskikarol-7049s-projects.vercel.app,dpl_8LJAAsuAooYajc3Te4fpCQKP1vm4,7,arn1,359,4096,,prj_lePpUO0zajFeJ8CzF4GlD0LZK78U,,,01KSPN3AFHJCARH5S1PH2H482P,njOXOBdF0sl5,1,,
2026-05-28 06:42:08,1779950528853,www.containerboard.eu/pl/shipping-containers/for-sale/countries/bialorus,GET,_rsc=26s0a,200,dv92m-1779950528853-e16ba1ea7a3f,"Mozilla/5.0 (X11; Linux x86_64) AppleWebKit/537.36 (KHTML, like Gecko) Chrome/148.0.0.0 Safari/537.36",,production,master,MISS,middleware,/_middleware,www.containerboard.eu,container-board-btgqho7q0-karoltyminskikarol-7049s-projects.vercel.app,dpl_8LJAAsuAooYajc3Te4fpCQKP1vm4,8,arn1,287,4096,,prj_lePpUO0zajFeJ8CzF4GlD0LZK78U,,,01KSPN3AAQJQXCC8MQYZTFG6NH,x3BRWK8NDVAh,1,,
2026-05-28 06:42:08,1779950528853,www.containerboard.eu/pl/shipping-containers/for-sale/countries/bialorus,GET,_rsc=26s0a,200,dv92m-1779950528853-e16ba1ea7a3f,"Mozilla/5.0 (X11; Linux x86_64) AppleWebKit/537.36 (KHTML, like Gecko) Chrome/148.0.0.0 Safari/537.36",,production,master,MISS,function,/[locale]/shipping-containers/[intent]/countries/[country].rsc,www.containerboard.eu,container-board-btgqho7q0-karoltyminskikarol-7049s-projects.vercel.app,dpl_8LJAAsuAooYajc3Te4fpCQKP1vm4,7,arn1,418,4096,,prj_lePpUO0zajFeJ8CzF4GlD0LZK78U,,,01KSPN3AEG0F0YBKMFKCT86F8R,mq1T86Lkynw3,1,,
2026-05-28 06:42:08,1779950528670,www.containerboard.eu/pl/shipping-containers/for-sale/countries/bulgaria,GET,_rsc=26s0a,200,wz2gz-1779950528670-cc101aaee669,"Mozilla/5.0 (X11; Linux x86_64) AppleWebKit/537.36 (KHTML, like Gecko) Chrome/148.0.0.0 Safari/537.36",,production,master,MISS,middleware,/_middleware,www.containerboard.eu,container-board-btgqho7q0-karoltyminskikarol-7049s-projects.vercel.app,dpl_8LJAAsuAooYajc3Te4fpCQKP1vm4,7,arn1,280,4096,,prj_lePpUO0zajFeJ8CzF4GlD0LZK78U,,,01KSPN3A54F1799XD7R048VJZ9,jGrrjHm14wnZ,1,,
2026-05-28 06:42:08,1779950528670,www.containerboard.eu/pl/shipping-containers/for-sale/countries/bulgaria,GET,_rsc=26s0a,200,wz2gz-1779950528670-cc101aaee669,"Mozilla/5.0 (X11; Linux x86_64) AppleWebKit/537.36 (KHTML, like Gecko) Chrome/148.0.0.0 Safari/537.36",,production,master,MISS,function,/[locale]/shipping-containers/[intent]/countries/[country].rsc,www.containerboard.eu,container-board-btgqho7q0-karoltyminskikarol-7049s-projects.vercel.app,dpl_8LJAAsuAooYajc3Te4fpCQKP1vm4,8,arn1,418,4096,,prj_lePpUO0zajFeJ8CzF4GlD0LZK78U,,,01KSPN3A9MC1J3YAZX2YN5SJH2,mq1T86Lkynw3,1,,
2026-05-28 06:42:08,1779950528670,www.containerboard.eu/pl/shipping-containers/for-sale/countries/bosnia-i-hercegowina,GET,_rsc=26s0a,200,vtnn9-1779950528670-e6b9493b0934,"Mozilla/5.0 (X11; Linux x86_64) AppleWebKit/537.36 (KHTML, like Gecko) Chrome/148.0.0.0 Safari/537.36",,production,master,MISS,middleware,/_middleware,www.containerboard.eu,container-board-btgqho7q0-karoltyminskikarol-7049s-projects.vercel.app,dpl_8LJAAsuAooYajc3Te4fpCQKP1vm4,6,arn1,285,4096,,prj_lePpUO0zajFeJ8CzF4GlD0LZK78U,,,01KSPN3A52YAJEJ1E30CPHQB47,lKM52kxNOV9m,1,,
2026-05-28 06:42:08,1779950528670,www.containerboard.eu/pl/shipping-containers/for-sale/countries/bosnia-i-hercegowina,GET,_rsc=26s0a,200,vtnn9-1779950528670-e6b9493b0934,"Mozilla/5.0 (X11; Linux x86_64) AppleWebKit/537.36 (KHTML, like Gecko) Chrome/148.0.0.0 Safari/537.36",,production,master,MISS,function,/[locale]/shipping-containers/[intent]/countries/[country].rsc,www.containerboard.eu,container-board-btgqho7q0-karoltyminskikarol-7049s-projects.vercel.app,dpl_8LJAAsuAooYajc3Te4fpCQKP1vm4,7,arn1,417,4096,,prj_lePpUO0zajFeJ8CzF4GlD0LZK78U,,,01KSPN3A8V540HC9YNJDQH61X5,mq1T86Lkynw3,1,,
2026-05-28 06:42:08,1779950528670,www.containerboard.eu/pl/shipping-containers/for-sale/countries/chorwacja,GET,_rsc=26s0a,200,dv92m-1779950528670-dac68caadafd,"Mozilla/5.0 (X11; Linux x86_64) AppleWebKit/537.36 (KHTML, like Gecko) Chrome/148.0.0.0 Safari/537.36",,production,master,MISS,middleware,/_middleware,www.containerboard.eu,container-board-btgqho7q0-karoltyminskikarol-7049s-projects.vercel.app,dpl_8LJAAsuAooYajc3Te4fpCQKP1vm4,5,arn1,287,4096,,prj_lePpUO0zajFeJ8CzF4GlD0LZK78U,,,01KSPN3A59DW7SFJS6SEGZVDRN,x3BRWK8NDVAh,1,,
2026-05-28 06:42:08,1779950528670,www.containerboard.eu/pl/shipping-containers/for-sale/countries/chorwacja,GET,_rsc=26s0a,200,dv92m-1779950528670-dac68caadafd,"Mozilla/5.0 (X11; Linux x86_64) AppleWebKit/537.36 (KHTML, like Gecko) Chrome/148.0.0.0 Safari/537.36",,production,master,MISS,function,/[locale]/shipping-containers/[intent]/countries/[country].rsc,www.containerboard.eu,container-board-btgqho7q0-karoltyminskikarol-7049s-projects.vercel.app,dpl_8LJAAsuAooYajc3Te4fpCQKP1vm4,23,arn1,358,4096,,prj_lePpUO0zajFeJ8CzF4GlD0LZK78U,,,01KSPN3A943T89K68X8QFTFYDD,njOXOBdF0sl5,1,,
2026-05-28 06:42:08,1779950528668,www.containerboard.eu/pl/shipping-containers/for-sale/countries/czarnogora,GET,_rsc=26s0a,200,v8tps-1779950528668-219de1b406bf,"Mozilla/5.0 (X11; Linux x86_64) AppleWebKit/537.36 (KHTML, like Gecko) Chrome/148.0.0.0 Safari/537.36",,production,master,MISS,middleware,/_middleware,www.containerboard.eu,container-board-btgqho7q0-karoltyminskikarol-7049s-projects.vercel.app,dpl_8LJAAsuAooYajc3Te4fpCQKP1vm4,7,arn1,286,4096,,prj_lePpUO0zajFeJ8CzF4GlD0LZK78U,,,01KSPN3A50EA2EA2RM6KEWRC74,M802CPO7BM79,1,,
2026-05-28 06:42:08,1779950528668,www.containerboard.eu/pl/shipping-containers/for-sale/countries/czarnogora,GET,_rsc=26s0a,200,v8tps-1779950528668-219de1b406bf,"Mozilla/5.0 (X11; Linux x86_64) AppleWebKit/537.36 (KHTML, like Gecko) Chrome/148.0.0.0 Safari/537.36",,production,master,MISS,function,/[locale]/shipping-containers/[intent]/countries/[country].rsc,www.containerboard.eu,container-board-btgqho7q0-karoltyminskikarol-7049s-projects.vercel.app,dpl_8LJAAsuAooYajc3Te4fpCQKP1vm4,338,arn1,86,4096,,prj_lePpUO0zajFeJ8CzF4GlD0LZK78U,,,hvc_40b8f8de726b4f93bc3ba477917c,hvc_40b8f8de726b4f93bc3ba477917c,1,,
2026-05-28 06:42:08,1779950528403,www.containerboard.eu/pl/shipping-containers/for-sale,GET,_rsc=1o9dt&nxtPlocale=pl&nxtPintent=for-sale,200,wz2gz-1779950528403-5709e7928478,"Mozilla/5.0 (X11; Linux x86_64) AppleWebKit/537.36 (KHTML, like Gecko) Chrome/148.0.0.0 Safari/537.36",,production,master,MISS,function,/[locale]/shipping-containers/[intent].rsc,www.containerboard.eu,container-board-btgqho7q0-karoltyminskikarol-7049s-projects.vercel.app,dpl_8LJAAsuAooYajc3Te4fpCQKP1vm4,66,arn1,417,4096,,prj_lePpUO0zajFeJ8CzF4GlD0LZK78U,,,01KSPN3A0HGS2GGGE8HHBC2PNV,mq1T86Lkynw3,1,,
2026-05-28 06:42:08,1779950528403,www.containerboard.eu/pl/shipping-containers/for-sale,GET,_rsc=1o9dt&nxtPlocale=pl&nxtPintent=for-sale,200,wz2gz-1779950528403-5709e7928478,"Mozilla/5.0 (X11; Linux x86_64) AppleWebKit/537.36 (KHTML, like Gecko) Chrome/148.0.0.0 Safari/537.36",,production,master,MISS,middleware,/_middleware,www.containerboard.eu,container-board-btgqho7q0-karoltyminskikarol-7049s-projects.vercel.app,dpl_8LJAAsuAooYajc3Te4fpCQKP1vm4,6,arn1,285,4096,,prj_lePpUO0zajFeJ8CzF4GlD0LZK78U,,,01KSPN39WQD8M65Z0RS2V9CAPV,M802CPO7BM79,1,,
2026-05-28 06:42:03,1779950523364,www.containerboard.eu/containers/mine,GET,_rsc=1l2gh,200,gjmjf-1779950523364-21d53d1c1a77,"Mozilla/5.0 (X11; Linux x86_64) AppleWebKit/537.36 (KHTML, like Gecko) Chrome/148.0.0.0 Safari/537.36",,production,master,MISS,middleware,/_middleware,www.containerboard.eu,container-board-btgqho7q0-karoltyminskikarol-7049s-projects.vercel.app,dpl_8LJAAsuAooYajc3Te4fpCQKP1vm4,8,arn1,285,4096,,prj_lePpUO0zajFeJ8CzF4GlD0LZK78U,,,01KSPN34ZE5TYA6BZPBDP8KSX6,M802CPO7BM79,1,,
2026-05-28 06:42:03,1779950523364,www.containerboard.eu/containers/mine,GET,_rsc=1l2gh,200,gjmjf-1779950523364-21d53d1c1a77,"Mozilla/5.0 (X11; Linux x86_64) AppleWebKit/537.36 (KHTML, like Gecko) Chrome/148.0.0.0 Safari/537.36",,production,master,MISS,function,/containers/mine.rsc,www.containerboard.eu,container-board-btgqho7q0-karoltyminskikarol-7049s-projects.vercel.app,dpl_8LJAAsuAooYajc3Te4fpCQKP1vm4,8,arn1,358,4096,,prj_lePpUO0zajFeJ8CzF4GlD0LZK78U,,,01KSPN350988C1KW74D0K1BN4T,njOXOBdF0sl5,1,,
2026-05-28 06:42:03,1779950523360,www.containerboard.eu/list,GET,_rsc=1l2gh,200,v8tps-1779950523360-8974ba923b07,"Mozilla/5.0 (X11; Linux x86_64) AppleWebKit/537.36 (KHTML, like Gecko) Chrome/148.0.0.0 Safari/537.36",,production,master,MISS,middleware,/_middleware,www.containerboard.eu,container-board-btgqho7q0-karoltyminskikarol-7049s-projects.vercel.app,dpl_8LJAAsuAooYajc3Te4fpCQKP1vm4,6,arn1,285,4096,,prj_lePpUO0zajFeJ8CzF4GlD0LZK78U,,,01KSPN34Z4M2KWXZ2GMP0N80W1,M802CPO7BM79,1,,
2026-05-28 06:42:03,1779950523360,www.containerboard.eu/list,GET,_rsc=1l2gh,200,v8tps-1779950523360-8974ba923b07,"Mozilla/5.0 (X11; Linux x86_64) AppleWebKit/537.36 (KHTML, like Gecko) Chrome/148.0.0.0 Safari/537.36",,production,master,MISS,function,/list.rsc,www.containerboard.eu,container-board-btgqho7q0-karoltyminskikarol-7049s-projects.vercel.app,dpl_8LJAAsuAooYajc3Te4fpCQKP1vm4,8,arn1,358,4096,,prj_lePpUO0zajFeJ8CzF4GlD0LZK78U,,,01KSPN34ZQH74TWAE8VHD8YXXY,njOXOBdF0sl5,1,,
2026-05-28 06:42:03,1779950523359,www.containerboard.eu/pl/shipping-containers/for-sale,GET,_rsc=1l2gh,200,w5gzm-1779950523359-0f600a97cec6,"Mozilla/5.0 (X11; Linux x86_64) AppleWebKit/537.36 (KHTML, like Gecko) Chrome/148.0.0.0 Safari/537.36",,production,master,MISS,middleware,/_middleware,www.containerboard.eu,container-board-btgqho7q0-karoltyminskikarol-7049s-projects.vercel.app,dpl_8LJAAsuAooYajc3Te4fpCQKP1vm4,6,arn1,285,4096,,prj_lePpUO0zajFeJ8CzF4GlD0LZK78U,,,01KSPN34Z2ZFK5A424D1P55M9F,lKM52kxNOV9m,1,,
2026-05-28 06:42:03,1779950523359,www.containerboard.eu/pl/shipping-containers/for-sale,GET,_rsc=1l2gh,200,w5gzm-1779950523359-0f600a97cec6,"Mozilla/5.0 (X11; Linux x86_64) AppleWebKit/537.36 (KHTML, like Gecko) Chrome/148.0.0.0 Safari/537.36",,production,master,MISS,function,/[locale]/shipping-containers/[intent].rsc,www.containerboard.eu,container-board-btgqho7q0-karoltyminskikarol-7049s-projects.vercel.app,dpl_8LJAAsuAooYajc3Te4fpCQKP1vm4,64,arn1,417,4096,,prj_lePpUO0zajFeJ8CzF4GlD0LZK78U,,,01KSPN34ZM508VZ4GXM8088GYJ,mq1T86Lkynw3,1,,
2026-05-28 06:42:03,1779950523291,www.containerboard.eu/containers/new,GET,_rsc=1l2gh,200,gjmjf-1779950523291-5ec4520c1fdf,"Mozilla/5.0 (X11; Linux x86_64) AppleWebKit/537.36 (KHTML, like Gecko) Chrome/148.0.0.0 Safari/537.36",,production,master,MISS,function,/containers/new.rsc,www.containerboard.eu,container-board-btgqho7q0-karoltyminskikarol-7049s-projects.vercel.app,dpl_8LJAAsuAooYajc3Te4fpCQKP1vm4,8,arn1,417,4096,,prj_lePpUO0zajFeJ8CzF4GlD0LZK78U,,,01KSPN34XNGQ58TVXZT5BE2RF8,mq1T86Lkynw3,1,,
2026-05-28 06:42:03,1779950523291,www.containerboard.eu/containers/new,GET,_rsc=1l2gh,200,gjmjf-1779950523291-5ec4520c1fdf,"Mozilla/5.0 (X11; Linux x86_64) AppleWebKit/537.36 (KHTML, like Gecko) Chrome/148.0.0.0 Safari/537.36",,production,master,MISS,middleware,/_middleware,www.containerboard.eu,container-board-btgqho7q0-karoltyminskikarol-7049s-projects.vercel.app,dpl_8LJAAsuAooYajc3Te4fpCQKP1vm4,7,arn1,285,4096,,prj_lePpUO0zajFeJ8CzF4GlD0LZK78U,,,01KSPN34WYHBRS1B7HF51J6GXS,lKM52kxNOV9m,1,,
2026-05-28 06:42:03,1779950523268,www.containerboard.eu/about,GET,_rsc=1qx40,200,blz5n-1779950523268-aef20f2513f6,"Mozilla/5.0 (X11; Linux x86_64) AppleWebKit/537.36 (KHTML, like Gecko) Chrome/148.0.0.0 Safari/537.36",,production,master,MISS,function,/about.rsc,www.containerboard.eu,container-board-btgqho7q0-karoltyminskikarol-7049s-projects.vercel.app,dpl_8LJAAsuAooYajc3Te4fpCQKP1vm4,18,arn1,356,4096,,prj_lePpUO0zajFeJ8CzF4GlD0LZK78U,,,01KSPN34X0Q5P4C27C0NBVK8PE,njOXOBdF0sl5,1,,
2026-05-28 06:42:03,1779950523268,www.containerboard.eu/about,GET,_rsc=1qx40,200,blz5n-1779950523268-aef20f2513f6,"Mozilla/5.0 (X11; Linux x86_64) AppleWebKit/537.36 (KHTML, like Gecko) Chrome/148.0.0.0 Safari/537.36",,production,master,MISS,middleware,/_middleware,www.containerboard.eu,container-board-btgqho7q0-karoltyminskikarol-7049s-projects.vercel.app,dpl_8LJAAsuAooYajc3Te4fpCQKP1vm4,6,arn1,284,4096,,prj_lePpUO0zajFeJ8CzF4GlD0LZK78U,,,01KSPN34W794W8872N3BYF7M6B,M802CPO7BM79,1,,
2026-05-28 06:42:03,1779950523263,www.containerboard.eu/contact,GET,_rsc=pt7zm,200,jg422-1779950523263-81e8ab748ab6,"Mozilla/5.0 (X11; Linux x86_64) AppleWebKit/537.36 (KHTML, like Gecko) Chrome/148.0.0.0 Safari/537.36",,production,master,MISS,function,/contact.rsc,www.containerboard.eu,container-board-btgqho7q0-karoltyminskikarol-7049s-projects.vercel.app,dpl_8LJAAsuAooYajc3Te4fpCQKP1vm4,9,arn1,417,4096,,prj_lePpUO0zajFeJ8CzF4GlD0LZK78U,,,01KSPN34X3YHT8SJPQXDQPQ1ZH,mq1T86Lkynw3,1,,
2026-05-28 06:42:03,1779950523263,www.containerboard.eu/contact,GET,_rsc=pt7zm,200,jg422-1779950523263-81e8ab748ab6,"Mozilla/5.0 (X11; Linux x86_64) AppleWebKit/537.36 (KHTML, like Gecko) Chrome/148.0.0.0 Safari/537.36",,production,master,MISS,middleware,/_middleware,www.containerboard.eu,container-board-btgqho7q0-karoltyminskikarol-7049s-projects.vercel.app,dpl_8LJAAsuAooYajc3Te4fpCQKP1vm4,5,arn1,285,4096,,prj_lePpUO0zajFeJ8CzF4GlD0LZK78U,,,01KSPN34WA5T47BHMBBCM03VKM,lKM52kxNOV9m,1,,
2026-05-28 06:42:03,1779950523260,www.containerboard.eu/privacy-policy,GET,_rsc=1ez75,200,pn56g-1779950523260-5214588d804f,"Mozilla/5.0 (X11; Linux x86_64) AppleWebKit/537.36 (KHTML, like Gecko) Chrome/148.0.0.0 Safari/537.36",,production,master,MISS,function,/privacy-policy.rsc,www.containerboard.eu,container-board-btgqho7q0-karoltyminskikarol-7049s-projects.vercel.app,dpl_8LJAAsuAooYajc3Te4fpCQKP1vm4,20,arn1,359,4096,,prj_lePpUO0zajFeJ8CzF4GlD0LZK78U,,,01KSPN34WPZD25B319PQTH3DH9,5WSNUbX8QYGL,1,,
2026-05-28 06:42:03,1779950523260,www.containerboard.eu/privacy-policy,GET,_rsc=1ez75,200,pn56g-1779950523260-5214588d804f,"Mozilla/5.0 (X11; Linux x86_64) AppleWebKit/537.36 (KHTML, like Gecko) Chrome/148.0.0.0 Safari/537.36",,production,master,MISS,middleware,/_middleware,www.containerboard.eu,container-board-btgqho7q0-karoltyminskikarol-7049s-projects.vercel.app,dpl_8LJAAsuAooYajc3Te4fpCQKP1vm4,6,arn1,285,4096,,prj_lePpUO0zajFeJ8CzF4GlD0LZK78U,,,01KSPN34VYRF3PJ3MSNGZV37XJ,lKM52kxNOV9m,1,,
2026-05-28 06:42:03,1779950523218,www.containerboard.eu/,GET,_rsc=1l2gh,200,pn56g-1779950523218-f1f9938867e2,"Mozilla/5.0 (X11; Linux x86_64) AppleWebKit/537.36 (KHTML, like Gecko) Chrome/148.0.0.0 Safari/537.36",,production,master,MISS,middleware,/_middleware,www.containerboard.eu,container-board-btgqho7q0-karoltyminskikarol-7049s-projects.vercel.app,dpl_8LJAAsuAooYajc3Te4fpCQKP1vm4,6,arn1,284,4096,,prj_lePpUO0zajFeJ8CzF4GlD0LZK78U,,,01KSPN34TMGTY9C7GRAJN92V47,lKM52kxNOV9m,1,,
2026-05-28 06:42:03,1779950523218,www.containerboard.eu/,GET,_rsc=1l2gh,200,pn56g-1779950523218-f1f9938867e2,"Mozilla/5.0 (X11; Linux x86_64) AppleWebKit/537.36 (KHTML, like Gecko) Chrome/148.0.0.0 Safari/537.36",,production,master,MISS,function,/index.rsc,www.containerboard.eu,container-board-btgqho7q0-karoltyminskikarol-7049s-projects.vercel.app,dpl_8LJAAsuAooYajc3Te4fpCQKP1vm4,7,arn1,358,4096,,prj_lePpUO0zajFeJ8CzF4GlD0LZK78U,,,01KSPN34V796TE5DT9WE0CMPJT,5WSNUbX8QYGL,1,,
2026-05-28 06:42:03,1779950523165,www.containerboard.eu/cookies,GET,_rsc=jv34p,200,hnbzb-1779950523165-74368b8dec46,"Mozilla/5.0 (X11; Linux x86_64) AppleWebKit/537.36 (KHTML, like Gecko) Chrome/148.0.0.0 Safari/537.36",,production,master,MISS,middleware,/_middleware,www.containerboard.eu,container-board-btgqho7q0-karoltyminskikarol-7049s-projects.vercel.app,dpl_8LJAAsuAooYajc3Te4fpCQKP1vm4,6,arn1,284,4096,,prj_lePpUO0zajFeJ8CzF4GlD0LZK78U,,,01KSPN34S15HMZ0VHHQED5XQ51,M802CPO7BM79,1,,
2026-05-28 06:42:03,1779950523165,www.containerboard.eu/cookies,GET,_rsc=jv34p,200,hnbzb-1779950523165-74368b8dec46,"Mozilla/5.0 (X11; Linux x86_64) AppleWebKit/537.36 (KHTML, like Gecko) Chrome/148.0.0.0 Safari/537.36",,production,master,MISS,function,/cookies.rsc,www.containerboard.eu,container-board-btgqho7q0-karoltyminskikarol-7049s-projects.vercel.app,dpl_8LJAAsuAooYajc3Te4fpCQKP1vm4,9,arn1,417,4096,,prj_lePpUO0zajFeJ8CzF4GlD0LZK78U,,,01KSPN34SSXH0YTY9S9CPMFVV3,mq1T86Lkynw3,1,,
2026-05-28 06:42:03,1779950523162,www.containerboard.eu/terms,GET,_rsc=1h7db,200,hgbxc-1779950523162-0b7edeb55427,"Mozilla/5.0 (X11; Linux x86_64) AppleWebKit/537.36 (KHTML, like Gecko) Chrome/148.0.0.0 Safari/537.36",,production,master,MISS,middleware,/_middleware,www.containerboard.eu,container-board-btgqho7q0-karoltyminskikarol-7049s-projects.vercel.app,dpl_8LJAAsuAooYajc3Te4fpCQKP1vm4,6,arn1,284,4096,,prj_lePpUO0zajFeJ8CzF4GlD0LZK78U,,,01KSPN34S8DDHHBR968YKDB855,lKM52kxNOV9m,1,,
2026-05-28 06:42:03,1779950523162,www.containerboard.eu/terms,GET,_rsc=1h7db,200,hgbxc-1779950523162-0b7edeb55427,"Mozilla/5.0 (X11; Linux x86_64) AppleWebKit/537.36 (KHTML, like Gecko) Chrome/148.0.0.0 Safari/537.36",,production,master,MISS,function,/terms.rsc,www.containerboard.eu,container-board-btgqho7q0-karoltyminskikarol-7049s-projects.vercel.app,dpl_8LJAAsuAooYajc3Te4fpCQKP1vm4,8,arn1,358,4096,,prj_lePpUO0zajFeJ8CzF4GlD0LZK78U,,,01KSPN34T58KG48EBY68JE2BGS,5WSNUbX8QYGL,1,,
2026-05-28 06:42:03,1779950523157,www.containerboard.eu/containers/mine,GET,_rsc=3b3oc,200,pn56g-1779950523157-0087273fb4e4,"Mozilla/5.0 (X11; Linux x86_64) AppleWebKit/537.36 (KHTML, like Gecko) Chrome/148.0.0.0 Safari/537.36",,production,master,MISS,middleware,/_middleware,www.containerboard.eu,container-board-btgqho7q0-karoltyminskikarol-7049s-projects.vercel.app,dpl_8LJAAsuAooYajc3Te4fpCQKP1vm4,6,arn1,284,4096,,prj_lePpUO0zajFeJ8CzF4GlD0LZK78U,,,01KSPN34RRZAYEA5ND59V0K0JC,lKM52kxNOV9m,1,,
2026-05-28 06:42:03,1779950523157,www.containerboard.eu/containers/mine,GET,_rsc=3b3oc,200,pn56g-1779950523157-0087273fb4e4,"Mozilla/5.0 (X11; Linux x86_64) AppleWebKit/537.36 (KHTML, like Gecko) Chrome/148.0.0.0 Safari/537.36",,production,master,MISS,function,/containers/mine.rsc,www.containerboard.eu,container-board-btgqho7q0-karoltyminskikarol-7049s-projects.vercel.app,dpl_8LJAAsuAooYajc3Te4fpCQKP1vm4,19,arn1,356,4096,,prj_lePpUO0zajFeJ8CzF4GlD0LZK78U,,,01KSPN34SDYP782XMYJF0E1NRS,njOXOBdF0sl5,1,,
2026-05-28 06:42:03,1779950523113,www.containerboard.eu/,GET,_rsc=3b3oc,200,gjmjf-1779950523113-b147d30ae256,"Mozilla/5.0 (X11; Linux x86_64) AppleWebKit/537.36 (KHTML, like Gecko) Chrome/148.0.0.0 Safari/537.36",,production,master,MISS,middleware,/_middleware,www.containerboard.eu,container-board-btgqho7q0-karoltyminskikarol-7049s-projects.vercel.app,dpl_8LJAAsuAooYajc3Te4fpCQKP1vm4,7,arn1,284,4096,,prj_lePpUO0zajFeJ8CzF4GlD0LZK78U,,,01KSPN34QC0XR54T0M6DHD9GF6,lKM52kxNOV9m,1,,
2026-05-28 06:42:03,1779950523113,www.containerboard.eu/,GET,_rsc=3b3oc,200,gjmjf-1779950523113-b147d30ae256,"Mozilla/5.0 (X11; Linux x86_64) AppleWebKit/537.36 (KHTML, like Gecko) Chrome/148.0.0.0 Safari/537.36",,production,master,MISS,function,/index.rsc,www.containerboard.eu,container-board-btgqho7q0-karoltyminskikarol-7049s-projects.vercel.app,dpl_8LJAAsuAooYajc3Te4fpCQKP1vm4,25,arn1,355,4096,,prj_lePpUO0zajFeJ8CzF4GlD0LZK78U,,,01KSPN34R2EF169EZYGC9XVNFT,njOXOBdF0sl5,1,,
2026-05-28 06:42:03,1779950523047,www.containerboard.eu/list,GET,_rsc=3b3oc,200,gjmjf-1779950523047-1d246dc187af,"Mozilla/5.0 (X11; Linux x86_64) AppleWebKit/537.36 (KHTML, like Gecko) Chrome/148.0.0.0 Safari/537.36",,production,master,MISS,middleware,/_middleware,www.containerboard.eu,container-board-btgqho7q0-karoltyminskikarol-7049s-projects.vercel.app,dpl_8LJAAsuAooYajc3Te4fpCQKP1vm4,6,arn1,284,4096,,prj_lePpUO0zajFeJ8CzF4GlD0LZK78U,,,01KSPN34NB0N61BA9GD0AKM3F6,lKM52kxNOV9m,1,,
2026-05-28 06:42:03,1779950523047,www.containerboard.eu/list,GET,_rsc=3b3oc,200,gjmjf-1779950523047-1d246dc187af,"Mozilla/5.0 (X11; Linux x86_64) AppleWebKit/537.36 (KHTML, like Gecko) Chrome/148.0.0.0 Safari/537.36",,production,master,MISS,function,/list.rsc,www.containerboard.eu,container-board-btgqho7q0-karoltyminskikarol-7049s-projects.vercel.app,dpl_8LJAAsuAooYajc3Te4fpCQKP1vm4,9,arn1,355,4096,,prj_lePpUO0zajFeJ8CzF4GlD0LZK78U,,,01KSPN34P45TVA08X2DVJGCFVZ,njOXOBdF0sl5,1,,
2026-05-28 06:42:03,1779950523046,www.containerboard.eu/pl/shipping-containers/for-sale,GET,_rsc=3b3oc,200,jg422-1779950523046-42fe9561f565,"Mozilla/5.0 (X11; Linux x86_64) AppleWebKit/537.36 (KHTML, like Gecko) Chrome/148.0.0.0 Safari/537.36",,production,master,MISS,middleware,/_middleware,www.containerboard.eu,container-board-btgqho7q0-karoltyminskikarol-7049s-projects.vercel.app,dpl_8LJAAsuAooYajc3Te4fpCQKP1vm4,6,arn1,284,4096,,prj_lePpUO0zajFeJ8CzF4GlD0LZK78U,,,01KSPN34N9PF84FWYH4VWHTVGA,M802CPO7BM79,1,,
2026-05-28 06:42:03,1779950523046,www.containerboard.eu/pl/shipping-containers/for-sale,GET,_rsc=3b3oc,200,jg422-1779950523046-42fe9561f565,"Mozilla/5.0 (X11; Linux x86_64) AppleWebKit/537.36 (KHTML, like Gecko) Chrome/148.0.0.0 Safari/537.36",,production,master,MISS,function,/[locale]/shipping-containers/[intent].rsc,www.containerboard.eu,container-board-btgqho7q0-karoltyminskikarol-7049s-projects.vercel.app,dpl_8LJAAsuAooYajc3Te4fpCQKP1vm4,8,arn1,353,4096,,prj_lePpUO0zajFeJ8CzF4GlD0LZK78U,,,01KSPN34NW3K6KNDMBXP2G4K32,6ykmttUW1So7,1,,
2026-05-28 06:42:03,1779950523042,www.containerboard.eu/containers/new,GET,_rsc=3b3oc,200,w5gzm-1779950523042-8ea4168e65ff,"Mozilla/5.0 (X11; Linux x86_64) AppleWebKit/537.36 (KHTML, like Gecko) Chrome/148.0.0.0 Safari/537.36",,production,master,MISS,middleware,/_middleware,www.containerboard.eu,container-board-btgqho7q0-karoltyminskikarol-7049s-projects.vercel.app,dpl_8LJAAsuAooYajc3Te4fpCQKP1vm4,6,arn1,280,4096,,prj_lePpUO0zajFeJ8CzF4GlD0LZK78U,,,01KSPN34N7A9VC3CN1D1AZY4F6,jGrrjHm14wnZ,1,,
2026-05-28 06:42:03,1779950523042,www.containerboard.eu/containers/new,GET,_rsc=3b3oc,200,w5gzm-1779950523042-8ea4168e65ff,"Mozilla/5.0 (X11; Linux x86_64) AppleWebKit/537.36 (KHTML, like Gecko) Chrome/148.0.0.0 Safari/537.36",,production,master,MISS,function,/containers/new.rsc,www.containerboard.eu,container-board-btgqho7q0-karoltyminskikarol-7049s-projects.vercel.app,dpl_8LJAAsuAooYajc3Te4fpCQKP1vm4,6,arn1,358,4096,,prj_lePpUO0zajFeJ8CzF4GlD0LZK78U,,,01KSPN34NV9JHXQ82V7CAXGBVC,5WSNUbX8QYGL,1,,
2026-05-28 06:42:03,1779950523036,www.containerboard.eu/about,GET,_rsc=3b3oc,200,pn56g-1779950523036-fd2e86d3c48f,"Mozilla/5.0 (X11; Linux x86_64) AppleWebKit/537.36 (KHTML, like Gecko) Chrome/148.0.0.0 Safari/537.36",,production,master,MISS,middleware,/_middleware,www.containerboard.eu,container-board-btgqho7q0-karoltyminskikarol-7049s-projects.vercel.app,dpl_8LJAAsuAooYajc3Te4fpCQKP1vm4,7,arn1,284,4096,,prj_lePpUO0zajFeJ8CzF4GlD0LZK78U,,,01KSPN34MZ0GFTF17Q5N995FE0,lKM52kxNOV9m,1,,
2026-05-28 06:42:03,1779950523036,www.containerboard.eu/about,GET,_rsc=3b3oc,200,pn56g-1779950523036-fd2e86d3c48f,"Mozilla/5.0 (X11; Linux x86_64) AppleWebKit/537.36 (KHTML, like Gecko) Chrome/148.0.0.0 Safari/537.36",,production,master,MISS,function,/about.rsc,www.containerboard.eu,container-board-btgqho7q0-karoltyminskikarol-7049s-projects.vercel.app,dpl_8LJAAsuAooYajc3Te4fpCQKP1vm4,6,arn1,417,4096,,prj_lePpUO0zajFeJ8CzF4GlD0LZK78U,,,01KSPN34NN5R45T3RPQT8NTGSW,mq1T86Lkynw3,1,,
2026-05-28 06:42:02,1779950522881,www.containerboard.eu/privacy-policy,GET,_rsc=3b3oc,200,qgmw2-1779950522881-09769c665323,"Mozilla/5.0 (X11; Linux x86_64) AppleWebKit/537.36 (KHTML, like Gecko) Chrome/148.0.0.0 Safari/537.36",,production,master,MISS,function,/privacy-policy.rsc,www.containerboard.eu,container-board-btgqho7q0-karoltyminskikarol-7049s-projects.vercel.app,dpl_8LJAAsuAooYajc3Te4fpCQKP1vm4,7,arn1,417,4096,,prj_lePpUO0zajFeJ8CzF4GlD0LZK78U,,,01KSPN34GW9XTC9NNC6P3JSPV3,mq1T86Lkynw3,1,,
2026-05-28 06:42:02,1779950522881,www.containerboard.eu/privacy-policy,GET,_rsc=3b3oc,200,qgmw2-1779950522881-09769c665323,"Mozilla/5.0 (X11; Linux x86_64) AppleWebKit/537.36 (KHTML, like Gecko) Chrome/148.0.0.0 Safari/537.36",,production,master,MISS,middleware,/_middleware,www.containerboard.eu,container-board-btgqho7q0-karoltyminskikarol-7049s-projects.vercel.app,dpl_8LJAAsuAooYajc3Te4fpCQKP1vm4,8,arn1,280,4096,,prj_lePpUO0zajFeJ8CzF4GlD0LZK78U,,,01KSPN34G432E8674RPNB03TB7,jGrrjHm14wnZ,1,,
2026-05-28 06:42:02,1779950522881,www.containerboard.eu/contact,GET,_rsc=3b3oc,200,pn56g-1779950522881-6cdc9b3c8c21,"Mozilla/5.0 (X11; Linux x86_64) AppleWebKit/537.36 (KHTML, like Gecko) Chrome/148.0.0.0 Safari/537.36",,production,master,MISS,function,/contact.rsc,www.containerboard.eu,container-board-btgqho7q0-karoltyminskikarol-7049s-projects.vercel.app,dpl_8LJAAsuAooYajc3Te4fpCQKP1vm4,6,arn1,358,4096,,prj_lePpUO0zajFeJ8CzF4GlD0LZK78U,,,01KSPN34GQ1BS8584JYMFXSBRY,5WSNUbX8QYGL,1,,
2026-05-28 06:42:02,1779950522881,www.containerboard.eu/contact,GET,_rsc=3b3oc,200,pn56g-1779950522881-6cdc9b3c8c21,"Mozilla/5.0 (X11; Linux x86_64) AppleWebKit/537.36 (KHTML, like Gecko) Chrome/148.0.0.0 Safari/537.36",,production,master,MISS,middleware,/_middleware,www.containerboard.eu,container-board-btgqho7q0-karoltyminskikarol-7049s-projects.vercel.app,dpl_8LJAAsuAooYajc3Te4fpCQKP1vm4,6,arn1,284,4096,,prj_lePpUO0zajFeJ8CzF4GlD0LZK78U,,,01KSPN34G37WQWBM3F9VTR8QD8,M802CPO7BM79,1,,
2026-05-28 06:42:02,1779950522880,www.containerboard.eu/cookies,GET,_rsc=3b3oc,200,v8tps-1779950522880-7fca54dcfda2,"Mozilla/5.0 (X11; Linux x86_64) AppleWebKit/537.36 (KHTML, like Gecko) Chrome/148.0.0.0 Safari/537.36",,production,master,MISS,middleware,/_middleware,www.containerboard.eu,container-board-btgqho7q0-karoltyminskikarol-7049s-projects.vercel.app,dpl_8LJAAsuAooYajc3Te4fpCQKP1vm4,6,arn1,284,4096,,prj_lePpUO0zajFeJ8CzF4GlD0LZK78U,,,01KSPN34GPT94F3VEGFMMD46JR,lKM52kxNOV9m,1,,
2026-05-28 06:42:02,1779950522880,www.containerboard.eu/cookies,GET,_rsc=3b3oc,200,v8tps-1779950522880-7fca54dcfda2,"Mozilla/5.0 (X11; Linux x86_64) AppleWebKit/537.36 (KHTML, like Gecko) Chrome/148.0.0.0 Safari/537.36",,production,master,MISS,function,/cookies.rsc,www.containerboard.eu,container-board-btgqho7q0-karoltyminskikarol-7049s-projects.vercel.app,dpl_8LJAAsuAooYajc3Te4fpCQKP1vm4,6,arn1,353,4096,,prj_lePpUO0zajFeJ8CzF4GlD0LZK78U,,,01KSPN34HJJP4W5ESZD1G9YY5W,6ykmttUW1So7,1,,
2026-05-28 06:42:02,1779950522880,www.containerboard.eu/terms,GET,_rsc=3b3oc,200,jg422-1779950522880-2da4580248a2,"Mozilla/5.0 (X11; Linux x86_64) AppleWebKit/537.36 (KHTML, like Gecko) Chrome/148.0.0.0 Safari/537.36",,production,master,MISS,function,/terms.rsc,www.containerboard.eu,container-board-btgqho7q0-karoltyminskikarol-7049s-projects.vercel.app,dpl_8LJAAsuAooYajc3Te4fpCQKP1vm4,7,arn1,353,4096,,prj_lePpUO0zajFeJ8CzF4GlD0LZK78U,,,01KSPN34GX7FGSC369C7DPZ7BK,6ykmttUW1So7,1,,
2026-05-28 06:42:02,1779950522880,www.containerboard.eu/terms,GET,_rsc=3b3oc,200,jg422-1779950522880-2da4580248a2,"Mozilla/5.0 (X11; Linux x86_64) AppleWebKit/537.36 (KHTML, like Gecko) Chrome/148.0.0.0 Safari/537.36",,production,master,MISS,middleware,/_middleware,www.containerboard.eu,container-board-btgqho7q0-karoltyminskikarol-7049s-projects.vercel.app,dpl_8LJAAsuAooYajc3Te4fpCQKP1vm4,7,arn1,284,4096,,prj_lePpUO0zajFeJ8CzF4GlD0LZK78U,,,01KSPN34G7EAH77J8XAAX120DN,lKM52kxNOV9m,1,,
2026-05-28 06:42:01,1779950521906,www.containerboard.eu/containers/mine,GET,_rsc=ttpeu,200,jg422-1779950521906-0affad2fc806,"Mozilla/5.0 (X11; Linux x86_64) AppleWebKit/537.36 (KHTML, like Gecko) Chrome/148.0.0.0 Safari/537.36",,production,master,MISS,function,/containers/mine.rsc,www.containerboard.eu,container-board-btgqho7q0-karoltyminskikarol-7049s-projects.vercel.app,dpl_8LJAAsuAooYajc3Te4fpCQKP1vm4,21,arn1,417,4096,,prj_lePpUO0zajFeJ8CzF4GlD0LZK78U,,,01KSPN33JAZZ2Q3TMV4ABV86DS,mq1T86Lkynw3,1,,
2026-05-28 06:42:01,1779950521906,www.containerboard.eu/containers/mine,GET,_rsc=ttpeu,200,jg422-1779950521906-0affad2fc806,"Mozilla/5.0 (X11; Linux x86_64) AppleWebKit/537.36 (KHTML, like Gecko) Chrome/148.0.0.0 Safari/537.36",,production,master,MISS,middleware,/_middleware,www.containerboard.eu,container-board-btgqho7q0-karoltyminskikarol-7049s-projects.vercel.app,dpl_8LJAAsuAooYajc3Te4fpCQKP1vm4,5,arn1,283,4096,,prj_lePpUO0zajFeJ8CzF4GlD0LZK78U,,,01KSPN33HNW5554W668V6G9HW1,M802CPO7BM79,1,,
2026-05-28 06:42:01,1779950521900,www.containerboard.eu/,GET,_rsc=ttpeu,200,dv92m-1779950521900-9898f0126635,"Mozilla/5.0 (X11; Linux x86_64) AppleWebKit/537.36 (KHTML, like Gecko) Chrome/148.0.0.0 Safari/537.36",,production,master,MISS,function,/index.rsc,www.containerboard.eu,container-board-btgqho7q0-karoltyminskikarol-7049s-projects.vercel.app,dpl_8LJAAsuAooYajc3Te4fpCQKP1vm4,8,arn1,350,4096,,prj_lePpUO0zajFeJ8CzF4GlD0LZK78U,,,01KSPN33JVEQD6378RKSFD222S,5WSNUbX8QYGL,1,,
2026-05-28 06:42:01,1779950521900,www.containerboard.eu/,GET,_rsc=ttpeu,200,dv92m-1779950521900-9898f0126635,"Mozilla/5.0 (X11; Linux x86_64) AppleWebKit/537.36 (KHTML, like Gecko) Chrome/148.0.0.0 Safari/537.36",,production,master,MISS,middleware,/_middleware,www.containerboard.eu,container-board-btgqho7q0-karoltyminskikarol-7049s-projects.vercel.app,dpl_8LJAAsuAooYajc3Te4fpCQKP1vm4,7,arn1,278,4096,,prj_lePpUO0zajFeJ8CzF4GlD0LZK78U,,,01KSPN33HJA2SQMJNR52Q325JJ,jGrrjHm14wnZ,1,,
2026-05-28 06:42:01,1779950521879,www.containerboard.eu/list,GET,_rsc=ttpeu,200,pn56g-1779950521879-27b5a6bc50b0,"Mozilla/5.0 (X11; Linux x86_64) AppleWebKit/537.36 (KHTML, like Gecko) Chrome/148.0.0.0 Safari/537.36",,production,master,MISS,function,/list.rsc,www.containerboard.eu,container-board-btgqho7q0-karoltyminskikarol-7049s-projects.vercel.app,dpl_8LJAAsuAooYajc3Te4fpCQKP1vm4,8,arn1,350,4096,,prj_lePpUO0zajFeJ8CzF4GlD0LZK78U,,,01KSPN33HJQN9BYA47E4Z7JQRA,5WSNUbX8QYGL,1,,
2026-05-28 06:42:01,1779950521879,www.containerboard.eu/list,GET,_rsc=ttpeu,200,pn56g-1779950521879-27b5a6bc50b0,"Mozilla/5.0 (X11; Linux x86_64) AppleWebKit/537.36 (KHTML, like Gecko) Chrome/148.0.0.0 Safari/537.36",,production,master,MISS,middleware,/_middleware,www.containerboard.eu,container-board-btgqho7q0-karoltyminskikarol-7049s-projects.vercel.app,dpl_8LJAAsuAooYajc3Te4fpCQKP1vm4,7,arn1,278,4096,,prj_lePpUO0zajFeJ8CzF4GlD0LZK78U,,,01KSPN33GW5JGQYT3EZ45R8817,jGrrjHm14wnZ,1,,
2026-05-28 06:42:01,1779950521878,www.containerboard.eu/containers/new,GET,_rsc=ttpeu,200,kkml7-1779950521878-e190ae387412,"Mozilla/5.0 (X11; Linux x86_64) AppleWebKit/537.36 (KHTML, like Gecko) Chrome/148.0.0.0 Safari/537.36",,production,master,MISS,function,/containers/new.rsc,www.containerboard.eu,container-board-btgqho7q0-karoltyminskikarol-7049s-projects.vercel.app,dpl_8LJAAsuAooYajc3Te4fpCQKP1vm4,9,arn1,417,4096,,prj_lePpUO0zajFeJ8CzF4GlD0LZK78U,,,01KSPN33HNH1242KQFJ68C6S5X,mq1T86Lkynw3,1,,
2026-05-28 06:42:01,1779950521878,www.containerboard.eu/containers/new,GET,_rsc=ttpeu,200,kkml7-1779950521878-e190ae387412,"Mozilla/5.0 (X11; Linux x86_64) AppleWebKit/537.36 (KHTML, like Gecko) Chrome/148.0.0.0 Safari/537.36",,production,master,MISS,middleware,/_middleware,www.containerboard.eu,container-board-btgqho7q0-karoltyminskikarol-7049s-projects.vercel.app,dpl_8LJAAsuAooYajc3Te4fpCQKP1vm4,7,arn1,284,4096,,prj_lePpUO0zajFeJ8CzF4GlD0LZK78U,,,01KSPN33GY7ARFS4JFTAGKH16R,M802CPO7BM79,1,,
2026-05-28 06:42:01,1779950521798,www.containerboard.eu/,GET,_rsc=1847g,200,qgmw2-1779950521798-512fb4ea4021,"Mozilla/5.0 (X11; Linux x86_64) AppleWebKit/537.36 (KHTML, like Gecko) Chrome/148.0.0.0 Safari/537.36",,production,master,MISS,middleware,/_middleware,www.containerboard.eu,container-board-btgqho7q0-karoltyminskikarol-7049s-projects.vercel.app,dpl_8LJAAsuAooYajc3Te4fpCQKP1vm4,20,arn1,278,4096,,prj_lePpUO0zajFeJ8CzF4GlD0LZK78U,,,01KSPN33ED74ZTJWVEK1AYAZG7,jGrrjHm14wnZ,1,,
2026-05-28 06:42:01,1779950521798,www.containerboard.eu/,GET,_rsc=1847g,200,qgmw2-1779950521798-512fb4ea4021,"Mozilla/5.0 (X11; Linux x86_64) AppleWebKit/537.36 (KHTML, like Gecko) Chrome/148.0.0.0 Safari/537.36",,production,master,MISS,function,/index.rsc,www.containerboard.eu,container-board-btgqho7q0-karoltyminskikarol-7049s-projects.vercel.app,dpl_8LJAAsuAooYajc3Te4fpCQKP1vm4,6,arn1,350,4096,,prj_lePpUO0zajFeJ8CzF4GlD0LZK78U,,,01KSPN33FKTDS6N2TXST7Y0KAQ,5WSNUbX8QYGL,1,,
2026-05-28 06:42:01,1779950521795,www.containerboard.eu/list,GET,_rsc=1847g,200,qmczh-1779950521795-572729de1a95,"Mozilla/5.0 (X11; Linux x86_64) AppleWebKit/537.36 (KHTML, like Gecko) Chrome/148.0.0.0 Safari/537.36",,production,master,MISS,middleware,/_middleware,www.containerboard.eu,container-board-btgqho7q0-karoltyminskikarol-7049s-projects.vercel.app,dpl_8LJAAsuAooYajc3Te4fpCQKP1vm4,7,arn1,284,4096,,prj_lePpUO0zajFeJ8CzF4GlD0LZK78U,,,01KSPN33E9PAGWRZYSQHB2Y02V,lKM52kxNOV9m,1,,
2026-05-28 06:42:01,1779950521795,www.containerboard.eu/list,GET,_rsc=1847g,200,qmczh-1779950521795-572729de1a95,"Mozilla/5.0 (X11; Linux x86_64) AppleWebKit/537.36 (KHTML, like Gecko) Chrome/148.0.0.0 Safari/537.36",,production,master,MISS,function,/list.rsc,www.containerboard.eu,container-board-btgqho7q0-karoltyminskikarol-7049s-projects.vercel.app,dpl_8LJAAsuAooYajc3Te4fpCQKP1vm4,18,arn1,350,4096,,prj_lePpUO0zajFeJ8CzF4GlD0LZK78U,,,01KSPN33EV3DZ14RYM7YT5N14N,5WSNUbX8QYGL,1,,
2026-05-28 06:42:01,1779950521791,www.containerboard.eu/containers/new,GET,_rsc=1847g,200,hgbxc-1779950521791-aea9cd4afb00,"Mozilla/5.0 (X11; Linux x86_64) AppleWebKit/537.36 (KHTML, like Gecko) Chrome/148.0.0.0 Safari/537.36",,production,master,MISS,middleware,/_middleware,www.containerboard.eu,container-board-btgqho7q0-karoltyminskikarol-7049s-projects.vercel.app,dpl_8LJAAsuAooYajc3Te4fpCQKP1vm4,5,arn1,290,4096,,prj_lePpUO0zajFeJ8CzF4GlD0LZK78U,,,01KSPN33E5JQV7FV32QQPRWXQS,Fc0STGZLUxSm,1,,
2026-05-28 06:42:01,1779950521791,www.containerboard.eu/containers/new,GET,_rsc=1847g,200,hgbxc-1779950521791-aea9cd4afb00,"Mozilla/5.0 (X11; Linux x86_64) AppleWebKit/537.36 (KHTML, like Gecko) Chrome/148.0.0.0 Safari/537.36",,production,master,MISS,function,/containers/new.rsc,www.containerboard.eu,container-board-btgqho7q0-karoltyminskikarol-7049s-projects.vercel.app,dpl_8LJAAsuAooYajc3Te4fpCQKP1vm4,8,arn1,417,4096,,prj_lePpUO0zajFeJ8CzF4GlD0LZK78U,,,01KSPN33EW3EQDEAN8W7138SR9,mq1T86Lkynw3,1,,
2026-05-28 06:42:01,1779950521789,www.containerboard.eu/containers/mine,GET,_rsc=1847g,200,jg422-1779950521789-ca1017301df5,"Mozilla/5.0 (X11; Linux x86_64) AppleWebKit/537.36 (KHTML, like Gecko) Chrome/148.0.0.0 Safari/537.36",,production,master,MISS,middleware,/_middleware,www.containerboard.eu,container-board-btgqho7q0-karoltyminskikarol-7049s-projects.vercel.app,dpl_8LJAAsuAooYajc3Te4fpCQKP1vm4,19,arn1,291,4096,,prj_lePpUO0zajFeJ8CzF4GlD0LZK78U,,,01KSPN33E6MDTW3WDSQSJCAAMP,M802CPO7BM79,1,,
2026-05-28 06:42:01,1779950521789,www.containerboard.eu/containers/mine,GET,_rsc=1847g,200,jg422-1779950521789-ca1017301df5,"Mozilla/5.0 (X11; Linux x86_64) AppleWebKit/537.36 (KHTML, like Gecko) Chrome/148.0.0.0 Safari/537.36",,production,master,MISS,function,/containers/mine.rsc,www.containerboard.eu,container-board-btgqho7q0-karoltyminskikarol-7049s-projects.vercel.app,dpl_8LJAAsuAooYajc3Te4fpCQKP1vm4,7,arn1,350,4096,,prj_lePpUO0zajFeJ8CzF4GlD0LZK78U,,,01KSPN33G2BFBEDFTJN3MCTA8W,5WSNUbX8QYGL,1,,
2026-05-28 06:42:01,1779950521789,www.containerboard.eu/companies/new,GET,,200,gjmjf-1779950521789-2742380ed1c0,"Mozilla/5.0 (X11; Linux x86_64) AppleWebKit/537.36 (KHTML, like Gecko) Chrome/148.0.0.0 Safari/537.36",,production,master,MISS,middleware,/_middleware,www.containerboard.eu,container-board-btgqho7q0-karoltyminskikarol-7049s-projects.vercel.app,dpl_8LJAAsuAooYajc3Te4fpCQKP1vm4,6,arn1,287,4096,,prj_lePpUO0zajFeJ8CzF4GlD0LZK78U,,,01KSPN33E6MDTW3WDSQM6SQ3T6,x3BRWK8NDVAh,1,,
2026-05-28 06:42:01,1779950521789,www.containerboard.eu/companies/new,GET,,200,gjmjf-1779950521789-2742380ed1c0,"Mozilla/5.0 (X11; Linux x86_64) AppleWebKit/537.36 (KHTML, like Gecko) Chrome/148.0.0.0 Safari/537.36",,production,master,MISS,function,/companies/new,www.containerboard.eu,container-board-btgqho7q0-karoltyminskikarol-7049s-projects.vercel.app,dpl_8LJAAsuAooYajc3Te4fpCQKP1vm4,317,arn1,359,4096,,prj_lePpUO0zajFeJ8CzF4GlD0LZK78U,,,01KSPN33PRJACRXD2WW23E0AT3,5WSNUbX8QYGL,1,,
2026-05-28 06:42:00,1779950520857,www.containerboard.eu/terms,GET,,200,d678d-1779950520857-b80936b7ef49,"Mozilla/5.0 (X11; Linux x86_64) AppleWebKit/537.36 (KHTML, like Gecko) Chrome/148.0.0.0 Safari/537.36",,production,master,MISS,middleware,/_middleware,www.containerboard.eu,container-board-btgqho7q0-karoltyminskikarol-7049s-projects.vercel.app,dpl_8LJAAsuAooYajc3Te4fpCQKP1vm4,6,arn1,284,4096,,prj_lePpUO0zajFeJ8CzF4GlD0LZK78U,,,01KSPN32GYE3JHWE9DDPJB9BE6,lKM52kxNOV9m,1,,
2026-05-28 06:42:00,1779950520857,www.containerboard.eu/terms,GET,,200,d678d-1779950520857-b80936b7ef49,"Mozilla/5.0 (X11; Linux x86_64) AppleWebKit/537.36 (KHTML, like Gecko) Chrome/148.0.0.0 Safari/537.36",,production,master,MISS,function,/terms,www.containerboard.eu,container-board-btgqho7q0-karoltyminskikarol-7049s-projects.vercel.app,dpl_8LJAAsuAooYajc3Te4fpCQKP1vm4,155,arn1,350,4096,,prj_lePpUO0zajFeJ8CzF4GlD0LZK78U,,,01KSPN32PJMNZMB9YPNSP55G7V,5WSNUbX8QYGL,1,,
2026-05-28 06:42:00,1779950520804,www.containerboard.eu/terms,GET,,200,hnbzb-1779950520804-043f00ce1108,"Mozilla/5.0 (X11; Linux x86_64) AppleWebKit/537.36 (KHTML, like Gecko) Chrome/148.0.0.0 Safari/537.36",,production,master,MISS,middleware,/_middleware,www.containerboard.eu,container-board-btgqho7q0-karoltyminskikarol-7049s-projects.vercel.app,dpl_8LJAAsuAooYajc3Te4fpCQKP1vm4,7,arn1,284,4096,,prj_lePpUO0zajFeJ8CzF4GlD0LZK78U,,,01KSPN32FF26TG8NF2AEP4P2FA,lKM52kxNOV9m,1,,
2026-05-28 06:42:00,1779950520804,www.containerboard.eu/terms,GET,,200,hnbzb-1779950520804-043f00ce1108,"Mozilla/5.0 (X11; Linux x86_64) AppleWebKit/537.36 (KHTML, like Gecko) Chrome/148.0.0.0 Safari/537.36",,production,master,MISS,function,/terms,www.containerboard.eu,container-board-btgqho7q0-karoltyminskikarol-7049s-projects.vercel.app,dpl_8LJAAsuAooYajc3Te4fpCQKP1vm4,107,arn1,417,4096,,prj_lePpUO0zajFeJ8CzF4GlD0LZK78U,,,01KSPN32PJMNZMB9YPP02FT07G,mq1T86Lkynw3,1,,
2026-05-28 06:41:50,1779950510942,www.containerboard.eu/terms,GET,_rsc=1h67p,200,bll4j-1779950510942-c482b7334417,"Mozilla/5.0 (X11; Linux x86_64) AppleWebKit/537.36 (KHTML, like Gecko) Chrome/148.0.0.0 Safari/537.36",,production,master,MISS,function,/terms.rsc,www.containerboard.eu,container-board-btgqho7q0-karoltyminskikarol-7049s-projects.vercel.app,dpl_8LJAAsuAooYajc3Te4fpCQKP1vm4,12,arn1,416,4096,,prj_lePpUO0zajFeJ8CzF4GlD0LZK78U,,,01KSPN2RVRZ12Y0F56GJABQYCP,mq1T86Lkynw3,1,,
2026-05-28 06:41:50,1779950510942,www.containerboard.eu/terms,GET,_rsc=1h67p,200,bll4j-1779950510942-c482b7334417,"Mozilla/5.0 (X11; Linux x86_64) AppleWebKit/537.36 (KHTML, like Gecko) Chrome/148.0.0.0 Safari/537.36",,production,master,MISS,middleware,/_middleware,www.containerboard.eu,container-board-btgqho7q0-karoltyminskikarol-7049s-projects.vercel.app,dpl_8LJAAsuAooYajc3Te4fpCQKP1vm4,6,arn1,284,4096,,prj_lePpUO0zajFeJ8CzF4GlD0LZK78U,,,01KSPN2RV3XWQ5XMHJW3770DKN,lKM52kxNOV9m,1,,
2026-05-28 06:41:44,1779950504207,www.containerboard.eu/companies/new,GET,_rsc=1js39,200,tdrd4-1779950504207-e6a7f01d8813,"Mozilla/5.0 (X11; Linux x86_64) AppleWebKit/537.36 (KHTML, like Gecko) Chrome/148.0.0.0 Safari/537.36",,production,master,MISS,function,/companies/new.rsc,www.containerboard.eu,container-board-btgqho7q0-karoltyminskikarol-7049s-projects.vercel.app,dpl_8LJAAsuAooYajc3Te4fpCQKP1vm4,124,arn1,416,4096,,prj_lePpUO0zajFeJ8CzF4GlD0LZK78U,,,01KSPN2J99ZEGFVXDCX7GJ8T9J,mq1T86Lkynw3,1,,
2026-05-28 06:41:44,1779950504207,www.containerboard.eu/companies/new,GET,_rsc=1js39,200,tdrd4-1779950504207-e6a7f01d8813,"Mozilla/5.0 (X11; Linux x86_64) AppleWebKit/537.36 (KHTML, like Gecko) Chrome/148.0.0.0 Safari/537.36",,production,master,MISS,middleware,/_middleware,www.containerboard.eu,container-board-btgqho7q0-karoltyminskikarol-7049s-projects.vercel.app,dpl_8LJAAsuAooYajc3Te4fpCQKP1vm4,6,arn1,284,4096,,prj_lePpUO0zajFeJ8CzF4GlD0LZK78U,,,01KSPN2J8PTPZPPXTHJ02F0FZ2,lKM52kxNOV9m,1,,
2026-05-28 06:41:41,1779950501429,www.containerboard.eu/de/containers/69ef5b69d66b8f618af640d7,GET,nxtPlocale=de&nxtPid=69ef5b69d66b8f618af640d7,404,7h6nf-1779950501429-1d41f4a292a5,Mozilla/5.0 (compatible; AhrefsBot/7.0; +http://ahrefs.com/robot/),,production,master,MISS,middleware,/_middleware,www.containerboard.eu,container-board-btgqho7q0-karoltyminskikarol-7049s-projects.vercel.app,dpl_8LJAAsuAooYajc3Te4fpCQKP1vm4,23,fra1,289,4096,,prj_lePpUO0zajFeJ8CzF4GlD0LZK78U,,,01KSPN2FJ1KG7KTA48Q4R78VD0,YkzWW8cdPHCE,1,,
2026-05-28 06:41:41,1779950501429,www.containerboard.eu/de/containers/69ef5b69d66b8f618af640d7,GET,nxtPlocale=de&nxtPid=69ef5b69d66b8f618af640d7,404,7h6nf-1779950501429-1d41f4a292a5,Mozilla/5.0 (compatible; AhrefsBot/7.0; +http://ahrefs.com/robot/),,production,master,MISS,function,/[locale]/containers/[id],www.containerboard.eu,container-board-btgqho7q0-karoltyminskikarol-7049s-projects.vercel.app,dpl_8LJAAsuAooYajc3Te4fpCQKP1vm4,418,fra1,484,4096,,prj_lePpUO0zajFeJ8CzF4GlD0LZK78U,,,01KSPN2FK7C0W5HB8HX0H3Q2N7,xvaeiEKVq8tS,1,,
2026-05-28 06:41:39,1779950499380,www.containerboard.eu/pl/shipping-containers/for-sale,GET,_rsc=9p7dn&nxtPlocale=pl&nxtPintent=for-sale,200,ng8ms-1779950499380-49b3d86430ba,"Mozilla/5.0 (X11; Linux x86_64) AppleWebKit/537.36 (KHTML, like Gecko) Chrome/148.0.0.0 Safari/537.36",,production,master,MISS,function,/[locale]/shipping-containers/[intent].rsc,www.containerboard.eu,container-board-btgqho7q0-karoltyminskikarol-7049s-projects.vercel.app,dpl_8LJAAsuAooYajc3Te4fpCQKP1vm4,63,arn1,415,4096,,prj_lePpUO0zajFeJ8CzF4GlD0LZK78U,,,01KSPN2DJEMV38TACZP0K6FCE1,mq1T86Lkynw3,1,,
2026-05-28 06:41:39,1779950499380,www.containerboard.eu/pl/shipping-containers/for-sale,GET,_rsc=9p7dn&nxtPlocale=pl&nxtPintent=for-sale,200,ng8ms-1779950499380-49b3d86430ba,"Mozilla/5.0 (X11; Linux x86_64) AppleWebKit/537.36 (KHTML, like Gecko) Chrome/148.0.0.0 Safari/537.36",,production,master,MISS,middleware,/_middleware,www.containerboard.eu,container-board-btgqho7q0-karoltyminskikarol-7049s-projects.vercel.app,dpl_8LJAAsuAooYajc3Te4fpCQKP1vm4,6,arn1,283,4096,,prj_lePpUO0zajFeJ8CzF4GlD0LZK78U,,,01KSPN2DHQRYPDPQ2B3AT5DTZ6,lKM52kxNOV9m,1,,
2026-05-28 06:41:39,1779950499378,www.containerboard.eu/about,GET,_rsc=1oqkc,200,f8s5t-1779950499378-b4375de37b96,"Mozilla/5.0 (X11; Linux x86_64) AppleWebKit/537.36 (KHTML, like Gecko) Chrome/148.0.0.0 Safari/537.36",,production,master,MISS,function,/about.rsc,www.containerboard.eu,container-board-btgqho7q0-karoltyminskikarol-7049s-projects.vercel.app,dpl_8LJAAsuAooYajc3Te4fpCQKP1vm4,8,arn1,342,4096,,prj_lePpUO0zajFeJ8CzF4GlD0LZK78U,,,01KSPN2DJ7XRSSM3ARSCQR93MJ,5WSNUbX8QYGL,1,,
2026-05-28 06:41:39,1779950499378,www.containerboard.eu/about,GET,_rsc=1oqkc,200,f8s5t-1779950499378-b4375de37b96,"Mozilla/5.0 (X11; Linux x86_64) AppleWebKit/537.36 (KHTML, like Gecko) Chrome/148.0.0.0 Safari/537.36",,production,master,MISS,middleware,/_middleware,www.containerboard.eu,container-board-btgqho7q0-karoltyminskikarol-7049s-projects.vercel.app,dpl_8LJAAsuAooYajc3Te4fpCQKP1vm4,5,arn1,290,4096,,prj_lePpUO0zajFeJ8CzF4GlD0LZK78U,,,01KSPN2DHN3SYYFJKEKERG418Q,Fc0STGZLUxSm,1,,
2026-05-28 06:41:39,1779950499367,www.containerboard.eu/contact,GET,_rsc=17p42,200,jnp2z-1779950499367-93a7f663dc69,"Mozilla/5.0 (X11; Linux x86_64) AppleWebKit/537.36 (KHTML, like Gecko) Chrome/148.0.0.0 Safari/537.36",,production,master,MISS,function,/contact.rsc,www.containerboard.eu,container-board-btgqho7q0-karoltyminskikarol-7049s-projects.vercel.app,dpl_8LJAAsuAooYajc3Te4fpCQKP1vm4,9,arn1,415,4096,,prj_lePpUO0zajFeJ8CzF4GlD0LZK78U,,,01KSPN2DHZFK4NM1KZTR8A01D0,mq1T86Lkynw3,1,,
2026-05-28 06:41:39,1779950499367,www.containerboard.eu/contact,GET,_rsc=17p42,200,jnp2z-1779950499367-93a7f663dc69,"Mozilla/5.0 (X11; Linux x86_64) AppleWebKit/537.36 (KHTML, like Gecko) Chrome/148.0.0.0 Safari/537.36",,production,master,MISS,middleware,/_middleware,www.containerboard.eu,container-board-btgqho7q0-karoltyminskikarol-7049s-projects.vercel.app,dpl_8LJAAsuAooYajc3Te4fpCQKP1vm4,7,arn1,283,4096,,prj_lePpUO0zajFeJ8CzF4GlD0LZK78U,,,01KSPN2DHA2RKPQ04HHE1NYXRN,lKM52kxNOV9m,1,,
2026-05-28 06:41:39,1779950499364,www.containerboard.eu/privacy-policy,GET,_rsc=lszg1,200,wj8qv-1779950499364-5a21b242eeb0,"Mozilla/5.0 (X11; Linux x86_64) AppleWebKit/537.36 (KHTML, like Gecko) Chrome/148.0.0.0 Safari/537.36",,production,master,MISS,function,/privacy-policy.rsc,www.containerboard.eu,container-board-btgqho7q0-karoltyminskikarol-7049s-projects.vercel.app,dpl_8LJAAsuAooYajc3Te4fpCQKP1vm4,9,arn1,415,4096,,prj_lePpUO0zajFeJ8CzF4GlD0LZK78U,,,01KSPN2DNHXNVY5HN63PH94MZ8,mq1T86Lkynw3,1,,
2026-05-28 06:41:39,1779950499364,www.containerboard.eu/privacy-policy,GET,_rsc=lszg1,200,wj8qv-1779950499364-5a21b242eeb0,"Mozilla/5.0 (X11; Linux x86_64) AppleWebKit/537.36 (KHTML, like Gecko) Chrome/148.0.0.0 Safari/537.36",,production,master,MISS,middleware,/_middleware,www.containerboard.eu,container-board-btgqho7q0-karoltyminskikarol-7049s-projects.vercel.app,dpl_8LJAAsuAooYajc3Te4fpCQKP1vm4,6,arn1,283,4096,,prj_lePpUO0zajFeJ8CzF4GlD0LZK78U,,,01KSPN2DK8H24B171ACVTVGNNK,lKM52kxNOV9m,1,,
2026-05-28 06:41:39,1779950499279,www.containerboard.eu/cookies,GET,_rsc=1ohzw,200,f8s5t-1779950499279-19da29d1c032,"Mozilla/5.0 (X11; Linux x86_64) AppleWebKit/537.36 (KHTML, like Gecko) Chrome/148.0.0.0 Safari/537.36",,production,master,MISS,function,/cookies.rsc,www.containerboard.eu,container-board-btgqho7q0-karoltyminskikarol-7049s-projects.vercel.app,dpl_8LJAAsuAooYajc3Te4fpCQKP1vm4,25,arn1,414,4096,,prj_lePpUO0zajFeJ8CzF4GlD0LZK78U,,,01KSPN2DF86EBHW0EC6BPG0YDK,mq1T86Lkynw3,1,,
2026-05-28 06:41:39,1779950499279,www.containerboard.eu/cookies,GET,_rsc=1ohzw,200,f8s5t-1779950499279-19da29d1c032,"Mozilla/5.0 (X11; Linux x86_64) AppleWebKit/537.36 (KHTML, like Gecko) Chrome/148.0.0.0 Safari/537.36",,production,master,MISS,middleware,/_middleware,www.containerboard.eu,container-board-btgqho7q0-karoltyminskikarol-7049s-projects.vercel.app,dpl_8LJAAsuAooYajc3Te4fpCQKP1vm4,6,arn1,283,4096,,prj_lePpUO0zajFeJ8CzF4GlD0LZK78U,,,01KSPN2DEJ1Z6ZMTWDV1YWJCT5,lKM52kxNOV9m,1,,
2026-05-28 06:41:39,1779950499275,www.containerboard.eu/terms,GET,_rsc=o9jdk,200,wjf8c-1779950499275-0f06628d8a61,"Mozilla/5.0 (X11; Linux x86_64) AppleWebKit/537.36 (KHTML, like Gecko) Chrome/148.0.0.0 Safari/537.36",,production,master,MISS,function,/terms.rsc,www.containerboard.eu,container-board-btgqho7q0-karoltyminskikarol-7049s-projects.vercel.app,dpl_8LJAAsuAooYajc3Te4fpCQKP1vm4,9,arn1,341,4096,,prj_lePpUO0zajFeJ8CzF4GlD0LZK78U,,,01KSPN2DF588DR25JMXDHDHZZD,5WSNUbX8QYGL,1,,
2026-05-28 06:41:39,1779950499275,www.containerboard.eu/terms,GET,_rsc=o9jdk,200,wjf8c-1779950499275-0f06628d8a61,"Mozilla/5.0 (X11; Linux x86_64) AppleWebKit/537.36 (KHTML, like Gecko) Chrome/148.0.0.0 Safari/537.36",,production,master,MISS,middleware,/_middleware,www.containerboard.eu,container-board-btgqho7q0-karoltyminskikarol-7049s-projects.vercel.app,dpl_8LJAAsuAooYajc3Te4fpCQKP1vm4,5,arn1,290,4096,,prj_lePpUO0zajFeJ8CzF4GlD0LZK78U,,,01KSPN2DEFXNY1V9C9KPEYYPGW,Fc0STGZLUxSm,1,,
2026-05-28 06:41:39,1779950499274,www.containerboard.eu/pl/shipping-containers/for-sale,GET,_rsc=beaaq&nxtPlocale=pl&nxtPintent=for-sale,200,sqdc4-1779950499274-59728b82392b,"Mozilla/5.0 (X11; Linux x86_64) AppleWebKit/537.36 (KHTML, like Gecko) Chrome/148.0.0.0 Safari/537.36",,production,master,MISS,function,/[locale]/shipping-containers/[intent].rsc,www.containerboard.eu,container-board-btgqho7q0-karoltyminskikarol-7049s-projects.vercel.app,dpl_8LJAAsuAooYajc3Te4fpCQKP1vm4,21,arn1,352,4096,,prj_lePpUO0zajFeJ8CzF4GlD0LZK78U,,,01KSPN2DF4ZV90XS2V372W5MRQ,6ykmttUW1So7,1,,
2026-05-28 06:41:39,1779950499274,www.containerboard.eu/pl/shipping-containers/for-sale,GET,_rsc=beaaq&nxtPlocale=pl&nxtPintent=for-sale,200,sqdc4-1779950499274-59728b82392b,"Mozilla/5.0 (X11; Linux x86_64) AppleWebKit/537.36 (KHTML, like Gecko) Chrome/148.0.0.0 Safari/537.36",,production,master,MISS,middleware,/_middleware,www.containerboard.eu,container-board-btgqho7q0-karoltyminskikarol-7049s-projects.vercel.app,dpl_8LJAAsuAooYajc3Te4fpCQKP1vm4,7,arn1,291,4096,,prj_lePpUO0zajFeJ8CzF4GlD0LZK78U,,,01KSPN2DED3B498SX9KJMP5KFR,M802CPO7BM79,1,,
2026-05-28 06:41:39,1779950499274,www.containerboard.eu/about,GET,_rsc=beaaq,200,jnp2z-1779950499274-f96ddbaf05f7,"Mozilla/5.0 (X11; Linux x86_64) AppleWebKit/537.36 (KHTML, like Gecko) Chrome/148.0.0.0 Safari/537.36",,production,master,MISS,function,/about.rsc,www.containerboard.eu,container-board-btgqho7q0-karoltyminskikarol-7049s-projects.vercel.app,dpl_8LJAAsuAooYajc3Te4fpCQKP1vm4,6,arn1,341,4096,,prj_lePpUO0zajFeJ8CzF4GlD0LZK78U,,,01KSPN2DFSH9HHY9JXYC46HW83,5WSNUbX8QYGL,1,,
2026-05-28 06:41:39,1779950499274,www.containerboard.eu/about,GET,_rsc=beaaq,200,jnp2z-1779950499274-f96ddbaf05f7,"Mozilla/5.0 (X11; Linux x86_64) AppleWebKit/537.36 (KHTML, like Gecko) Chrome/148.0.0.0 Safari/537.36",,production,master,MISS,middleware,/_middleware,www.containerboard.eu,container-board-btgqho7q0-karoltyminskikarol-7049s-projects.vercel.app,dpl_8LJAAsuAooYajc3Te4fpCQKP1vm4,6,arn1,283,4096,,prj_lePpUO0zajFeJ8CzF4GlD0LZK78U,,,01KSPN2DF7AHS4DCQX4H8AYTSM,lKM52kxNOV9m,1,,
2026-05-28 06:41:39,1779950499175,www.containerboard.eu/contact,GET,_rsc=beaaq,200,f8s5t-1779950499175-14f32712e695,"Mozilla/5.0 (X11; Linux x86_64) AppleWebKit/537.36 (KHTML, like Gecko) Chrome/148.0.0.0 Safari/537.36",,production,master,MISS,function,/contact.rsc,www.containerboard.eu,container-board-btgqho7q0-karoltyminskikarol-7049s-projects.vercel.app,dpl_8LJAAsuAooYajc3Te4fpCQKP1vm4,9,arn1,414,4096,,prj_lePpUO0zajFeJ8CzF4GlD0LZK78U,,,01KSPN2DBZ3R69FKS6E9HFWZKY,mq1T86Lkynw3,1,,
2026-05-28 06:41:39,1779950499175,www.containerboard.eu/contact,GET,_rsc=beaaq,200,f8s5t-1779950499175-14f32712e695,"Mozilla/5.0 (X11; Linux x86_64) AppleWebKit/537.36 (KHTML, like Gecko) Chrome/148.0.0.0 Safari/537.36",,production,master,MISS,middleware,/_middleware,www.containerboard.eu,container-board-btgqho7q0-karoltyminskikarol-7049s-projects.vercel.app,dpl_8LJAAsuAooYajc3Te4fpCQKP1vm4,8,arn1,290,4096,,prj_lePpUO0zajFeJ8CzF4GlD0LZK78U,,,01KSPN2DBBS4DKSX2HYF55D94N,M802CPO7BM79,1,,
2026-05-28 06:41:39,1779950499175,www.containerboard.eu/privacy-policy,GET,_rsc=beaaq,200,76svs-1779950499175-d58e2bfda54c,"Mozilla/5.0 (X11; Linux x86_64) AppleWebKit/537.36 (KHTML, like Gecko) Chrome/148.0.0.0 Safari/537.36",,production,master,MISS,function,/privacy-policy.rsc,www.containerboard.eu,container-board-btgqho7q0-karoltyminskikarol-7049s-projects.vercel.app,dpl_8LJAAsuAooYajc3Te4fpCQKP1vm4,8,arn1,352,4096,,prj_lePpUO0zajFeJ8CzF4GlD0LZK78U,,,01KSPN2DCMH2F7P9MNP59JCN4W,6ykmttUW1So7,1,,
2026-05-28 06:41:39,1779950499175,www.containerboard.eu/privacy-policy,GET,_rsc=beaaq,200,76svs-1779950499175-d58e2bfda54c,"Mozilla/5.0 (X11; Linux x86_64) AppleWebKit/537.36 (KHTML, like Gecko) Chrome/148.0.0.0 Safari/537.36",,production,master,MISS,middleware,/_middleware,www.containerboard.eu,container-board-btgqho7q0-karoltyminskikarol-7049s-projects.vercel.app,dpl_8LJAAsuAooYajc3Te4fpCQKP1vm4,7,arn1,290,4096,,prj_lePpUO0zajFeJ8CzF4GlD0LZK78U,,,01KSPN2DBWVFFSQRBTCPHW0EQ2,M802CPO7BM79,1,,
2026-05-28 06:41:39,1779950499174,www.containerboard.eu/cookies,GET,_rsc=beaaq,200,vb272-1779950499174-1c6f6b1d2d88,"Mozilla/5.0 (X11; Linux x86_64) AppleWebKit/537.36 (KHTML, like Gecko) Chrome/148.0.0.0 Safari/537.36",,production,master,MISS,function,/cookies.rsc,www.containerboard.eu,container-board-btgqho7q0-karoltyminskikarol-7049s-projects.vercel.app,dpl_8LJAAsuAooYajc3Te4fpCQKP1vm4,7,arn1,352,4096,,prj_lePpUO0zajFeJ8CzF4GlD0LZK78U,,,01KSPN2DC0NSWWTE4KBGPSW56M,6ykmttUW1So7,1,,
2026-05-28 06:41:39,1779950499174,www.containerboard.eu/cookies,GET,_rsc=beaaq,200,vb272-1779950499174-1c6f6b1d2d88,"Mozilla/5.0 (X11; Linux x86_64) AppleWebKit/537.36 (KHTML, like Gecko) Chrome/148.0.0.0 Safari/537.36",,production,master,MISS,middleware,/_middleware,www.containerboard.eu,container-board-btgqho7q0-karoltyminskikarol-7049s-projects.vercel.app,dpl_8LJAAsuAooYajc3Te4fpCQKP1vm4,5,arn1,290,4096,,prj_lePpUO0zajFeJ8CzF4GlD0LZK78U,,,01KSPN2DBBS4DKSX2HYCGBS66P,Fc0STGZLUxSm,1,,
2026-05-28 06:41:39,1779950499174,www.containerboard.eu/terms,GET,_rsc=beaaq,200,sqdc4-1779950499174-8dfc0db1f209,"Mozilla/5.0 (X11; Linux x86_64) AppleWebKit/537.36 (KHTML, like Gecko) Chrome/148.0.0.0 Safari/537.36",,production,master,MISS,function,/terms.rsc,www.containerboard.eu,container-board-btgqho7q0-karoltyminskikarol-7049s-projects.vercel.app,dpl_8LJAAsuAooYajc3Te4fpCQKP1vm4,18,arn1,340,4096,,prj_lePpUO0zajFeJ8CzF4GlD0LZK78U,,,01KSPN2DBXYVZ7SB7MBYE6PP52,5WSNUbX8QYGL,1,,
2026-05-28 06:41:39,1779950499174,www.containerboard.eu/terms,GET,_rsc=beaaq,200,sqdc4-1779950499174-8dfc0db1f209,"Mozilla/5.0 (X11; Linux x86_64) AppleWebKit/537.36 (KHTML, like Gecko) Chrome/148.0.0.0 Safari/537.36",,production,master,MISS,middleware,/_middleware,www.containerboard.eu,container-board-btgqho7q0-karoltyminskikarol-7049s-projects.vercel.app,dpl_8LJAAsuAooYajc3Te4fpCQKP1vm4,6,arn1,283,4096,,prj_lePpUO0zajFeJ8CzF4GlD0LZK78U,,,01KSPN2DBBS4DKSX2HYB12KF47,lKM52kxNOV9m,1,,
2026-05-28 06:41:31,1779950491707,www.containerboard.eu/containers/mine,GET,_rsc=9p7dn,200,65bdf-1779950491707-24308f98253c,"Mozilla/5.0 (X11; Linux x86_64) AppleWebKit/537.36 (KHTML, like Gecko) Chrome/148.0.0.0 Safari/537.36",,production,master,MISS,function,/containers/mine.rsc,www.containerboard.eu,container-board-btgqho7q0-karoltyminskikarol-7049s-projects.vercel.app,dpl_8LJAAsuAooYajc3Te4fpCQKP1vm4,8,arn1,339,4096,,prj_lePpUO0zajFeJ8CzF4GlD0LZK78U,,,01KSPN262NQCS7C725B98QMPZE,5WSNUbX8QYGL,1,,
2026-05-28 06:41:31,1779950491707,www.containerboard.eu/containers/mine,GET,_rsc=9p7dn,200,65bdf-1779950491707-24308f98253c,"Mozilla/5.0 (X11; Linux x86_64) AppleWebKit/537.36 (KHTML, like Gecko) Chrome/148.0.0.0 Safari/537.36",,production,master,MISS,middleware,/_middleware,www.containerboard.eu,container-board-btgqho7q0-karoltyminskikarol-7049s-projects.vercel.app,dpl_8LJAAsuAooYajc3Te4fpCQKP1vm4,7,arn1,289,4096,,prj_lePpUO0zajFeJ8CzF4GlD0LZK78U,,,01KSPN2621KC8EV71PD0RD5P8Q,M802CPO7BM79,1,,
2026-05-28 06:41:31,1779950491660,www.containerboard.eu/companies/new,GET,_rsc=9p7dn,200,zm64q-1779950491660-24d7b6864d77,"Mozilla/5.0 (X11; Linux x86_64) AppleWebKit/537.36 (KHTML, like Gecko) Chrome/148.0.0.0 Safari/537.36",,production,master,MISS,middleware,/_middleware,www.containerboard.eu,container-board-btgqho7q0-karoltyminskikarol-7049s-projects.vercel.app,dpl_8LJAAsuAooYajc3Te4fpCQKP1vm4,7,arn1,288,4096,,prj_lePpUO0zajFeJ8CzF4GlD0LZK78U,,,01KSPN260G0TXC2SXW1XD2SRZE,M802CPO7BM79,1,,
2026-05-28 06:41:31,1779950491660,www.containerboard.eu/companies/new,GET,_rsc=9p7dn,200,zm64q-1779950491660-24d7b6864d77,"Mozilla/5.0 (X11; Linux x86_64) AppleWebKit/537.36 (KHTML, like Gecko) Chrome/148.0.0.0 Safari/537.36",,production,master,MISS,function,/companies/new.rsc,www.containerboard.eu,container-board-btgqho7q0-karoltyminskikarol-7049s-projects.vercel.app,dpl_8LJAAsuAooYajc3Te4fpCQKP1vm4,7,arn1,339,4096,,prj_lePpUO0zajFeJ8CzF4GlD0LZK78U,,,01KSPN261PK7PJ0EDFEPAT8Y9H,5WSNUbX8QYGL,1,,
2026-05-28 06:41:31,1779950491568,www.containerboard.eu/,GET,_rsc=9p7dn,200,8dx4t-1779950491568-bd0ba1041620,"Mozilla/5.0 (X11; Linux x86_64) AppleWebKit/537.36 (KHTML, like Gecko) Chrome/148.0.0.0 Safari/537.36",,production,master,MISS,function,/index.rsc,www.containerboard.eu,container-board-btgqho7q0-karoltyminskikarol-7049s-projects.vercel.app,dpl_8LJAAsuAooYajc3Te4fpCQKP1vm4,8,arn1,414,4096,,prj_lePpUO0zajFeJ8CzF4GlD0LZK78U,,,01KSPN25YDFGD31G1YAEN2XEDR,mq1T86Lkynw3,1,,
2026-05-28 06:41:31,1779950491568,www.containerboard.eu/,GET,_rsc=9p7dn,200,8dx4t-1779950491568-bd0ba1041620,"Mozilla/5.0 (X11; Linux x86_64) AppleWebKit/537.36 (KHTML, like Gecko) Chrome/148.0.0.0 Safari/537.36",,production,master,MISS,middleware,/_middleware,www.containerboard.eu,container-board-btgqho7q0-karoltyminskikarol-7049s-projects.vercel.app,dpl_8LJAAsuAooYajc3Te4fpCQKP1vm4,7,arn1,288,4096,,prj_lePpUO0zajFeJ8CzF4GlD0LZK78U,,,01KSPN25XN0AC05PJ2PT3700HW,M802CPO7BM79,1,,
2026-05-28 06:41:31,1779950491476,www.containerboard.eu/list,GET,_rsc=9p7dn,200,xjktb-1779950491476-3f30f65e8dbd,"Mozilla/5.0 (X11; Linux x86_64) AppleWebKit/537.36 (KHTML, like Gecko) Chrome/148.0.0.0 Safari/537.36",,production,master,MISS,middleware,/_middleware,www.containerboard.eu,container-board-btgqho7q0-karoltyminskikarol-7049s-projects.vercel.app,dpl_8LJAAsuAooYajc3Te4fpCQKP1vm4,7,arn1,283,4096,,prj_lePpUO0zajFeJ8CzF4GlD0LZK78U,,,01KSPN25TTGCHPQQDDSMF09DPR,lKM52kxNOV9m,1,,
2026-05-28 06:41:31,1779950491476,www.containerboard.eu/list,GET,_rsc=9p7dn,200,xjktb-1779950491476-3f30f65e8dbd,"Mozilla/5.0 (X11; Linux x86_64) AppleWebKit/537.36 (KHTML, like Gecko) Chrome/148.0.0.0 Safari/537.36",,production,master,MISS,function,/list.rsc,www.containerboard.eu,container-board-btgqho7q0-karoltyminskikarol-7049s-projects.vercel.app,dpl_8LJAAsuAooYajc3Te4fpCQKP1vm4,9,arn1,414,4096,,prj_lePpUO0zajFeJ8CzF4GlD0LZK78U,,,01KSPN25VSQZNPNDCYN11PSVY7,mq1T86Lkynw3,1,,
2026-05-28 06:41:31,1779950491476,www.containerboard.eu/containers/new,GET,_rsc=9p7dn,200,d678d-1779950491476-e5eab1bf7b74,"Mozilla/5.0 (X11; Linux x86_64) AppleWebKit/537.36 (KHTML, like Gecko) Chrome/148.0.0.0 Safari/537.36",,production,master,MISS,middleware,/_middleware,www.containerboard.eu,container-board-btgqho7q0-karoltyminskikarol-7049s-projects.vercel.app,dpl_8LJAAsuAooYajc3Te4fpCQKP1vm4,7,arn1,288,4096,,prj_lePpUO0zajFeJ8CzF4GlD0LZK78U,,,01KSPN25TSVFDAPGS2MZQE2TC8,M802CPO7BM79,1,,
2026-05-28 06:41:31,1779950491476,www.containerboard.eu/containers/new,GET,_rsc=9p7dn,200,d678d-1779950491476-e5eab1bf7b74,"Mozilla/5.0 (X11; Linux x86_64) AppleWebKit/537.36 (KHTML, like Gecko) Chrome/148.0.0.0 Safari/537.36",,production,master,MISS,function,/containers/new.rsc,www.containerboard.eu,container-board-btgqho7q0-karoltyminskikarol-7049s-projects.vercel.app,dpl_8LJAAsuAooYajc3Te4fpCQKP1vm4,9,arn1,338,4096,,prj_lePpUO0zajFeJ8CzF4GlD0LZK78U,,,01KSPN25VSQZNPNDCYMZ4WRF36,5WSNUbX8QYGL,1,,
2026-05-28 06:41:31,1779950491393,www.containerboard.eu/,GET,_rsc=beaaq,200,g2vd7-1779950491393-ae618f730360,"Mozilla/5.0 (X11; Linux x86_64) AppleWebKit/537.36 (KHTML, like Gecko) Chrome/148.0.0.0 Safari/537.36",,production,master,MISS,middleware,/_middleware,www.containerboard.eu,container-board-btgqho7q0-karoltyminskikarol-7049s-projects.vercel.app,dpl_8LJAAsuAooYajc3Te4fpCQKP1vm4,7,arn1,283,4096,,prj_lePpUO0zajFeJ8CzF4GlD0LZK78U,,,01KSPN25R6YY40H3C17HXJJQNP,lKM52kxNOV9m,1,,
2026-05-28 06:41:31,1779950491393,www.containerboard.eu/,GET,_rsc=beaaq,200,g2vd7-1779950491393-ae618f730360,"Mozilla/5.0 (X11; Linux x86_64) AppleWebKit/537.36 (KHTML, like Gecko) Chrome/148.0.0.0 Safari/537.36",,production,master,MISS,function,/index.rsc,www.containerboard.eu,container-board-btgqho7q0-karoltyminskikarol-7049s-projects.vercel.app,dpl_8LJAAsuAooYajc3Te4fpCQKP1vm4,6,arn1,338,4096,,prj_lePpUO0zajFeJ8CzF4GlD0LZK78U,,,01KSPN25RY9B0XPRTD363B3S27,5WSNUbX8QYGL,1,,
2026-05-28 06:41:31,1779950491393,www.containerboard.eu/containers/mine,GET,_rsc=beaaq,200,d678d-1779950491393-50048b06bd45,"Mozilla/5.0 (X11; Linux x86_64) AppleWebKit/537.36 (KHTML, like Gecko) Chrome/148.0.0.0 Safari/537.36",,production,master,MISS,function,/containers/mine.rsc,www.containerboard.eu,container-board-btgqho7q0-karoltyminskikarol-7049s-projects.vercel.app,dpl_8LJAAsuAooYajc3Te4fpCQKP1vm4,17,arn1,338,4096,,prj_lePpUO0zajFeJ8CzF4GlD0LZK78U,,,01KSPN25ZY88JPEFSCK3QVXECB,5WSNUbX8QYGL,1,,
2026-05-28 06:41:31,1779950491393,www.containerboard.eu/containers/mine,GET,_rsc=beaaq,200,d678d-1779950491393-50048b06bd45,"Mozilla/5.0 (X11; Linux x86_64) AppleWebKit/537.36 (KHTML, like Gecko) Chrome/148.0.0.0 Safari/537.36",,production,master,MISS,middleware,/_middleware,www.containerboard.eu,container-board-btgqho7q0-karoltyminskikarol-7049s-projects.vercel.app,dpl_8LJAAsuAooYajc3Te4fpCQKP1vm4,6,arn1,290,4096,,prj_lePpUO0zajFeJ8CzF4GlD0LZK78U,,,01KSPN25R6YY40H3C17E047N3S,Fc0STGZLUxSm,1,,
2026-05-28 06:41:31,1779950491392,www.containerboard.eu/list,GET,_rsc=beaaq,200,w5gzm-1779950491392-f7be48af0243,"Mozilla/5.0 (X11; Linux x86_64) AppleWebKit/537.36 (KHTML, like Gecko) Chrome/148.0.0.0 Safari/537.36",,production,master,MISS,middleware,/_middleware,www.containerboard.eu,container-board-btgqho7q0-karoltyminskikarol-7049s-projects.vercel.app,dpl_8LJAAsuAooYajc3Te4fpCQKP1vm4,8,arn1,287,4096,,prj_lePpUO0zajFeJ8CzF4GlD0LZK78U,,,01KSPN25R56D6VDX1M8JZNGC34,M802CPO7BM79,1,,
2026-05-28 06:41:31,1779950491392,www.containerboard.eu/list,GET,_rsc=beaaq,200,w5gzm-1779950491392-f7be48af0243,"Mozilla/5.0 (X11; Linux x86_64) AppleWebKit/537.36 (KHTML, like Gecko) Chrome/148.0.0.0 Safari/537.36",,production,master,MISS,function,/list.rsc,www.containerboard.eu,container-board-btgqho7q0-karoltyminskikarol-7049s-projects.vercel.app,dpl_8LJAAsuAooYajc3Te4fpCQKP1vm4,8,arn1,414,4096,,prj_lePpUO0zajFeJ8CzF4GlD0LZK78U,,,01KSPN25RV6YP72QRPFRJHSDPM,mq1T86Lkynw3,1,,
2026-05-28 06:41:31,1779950491391,www.containerboard.eu/companies/new,GET,_rsc=beaaq,200,ppt84-1779950491391-c6c6c4bbc2e8,"Mozilla/5.0 (X11; Linux x86_64) AppleWebKit/537.36 (KHTML, like Gecko) Chrome/148.0.0.0 Safari/537.36",,production,master,MISS,function,/companies/new.rsc,www.containerboard.eu,container-board-btgqho7q0-karoltyminskikarol-7049s-projects.vercel.app,dpl_8LJAAsuAooYajc3Te4fpCQKP1vm4,19,arn1,338,4096,,prj_lePpUO0zajFeJ8CzF4GlD0LZK78U,,,01KSPN25YC3Z752CCZDCAZT5J3,5WSNUbX8QYGL,1,,
2026-05-28 06:41:31,1779950491391,www.containerboard.eu/companies/new,GET,_rsc=beaaq,200,ppt84-1779950491391-c6c6c4bbc2e8,"Mozilla/5.0 (X11; Linux x86_64) AppleWebKit/537.36 (KHTML, like Gecko) Chrome/148.0.0.0 Safari/537.36",,production,master,MISS,middleware,/_middleware,www.containerboard.eu,container-board-btgqho7q0-karoltyminskikarol-7049s-projects.vercel.app,dpl_8LJAAsuAooYajc3Te4fpCQKP1vm4,6,arn1,287,4096,,prj_lePpUO0zajFeJ8CzF4GlD0LZK78U,,,01KSPN25R342NFQ9TTS79XDR8D,x3BRWK8NDVAh,1,,
2026-05-28 06:41:30,1779950490766,www.containerboard.eu/placeholders/containers/container-40.svg,GET,,200,9mlnk-1779950490766-432d0fd8a8ec,"Mozilla/5.0 (X11; Linux x86_64) AppleWebKit/537.36 (KHTML, like Gecko) Chrome/148.0.0.0 Safari/537.36",,production,master,HIT,middleware,/_middleware,www.containerboard.eu,container-board-btgqho7q0-karoltyminskikarol-7049s-projects.vercel.app,dpl_8LJAAsuAooYajc3Te4fpCQKP1vm4,6,arn1,287,4096,,prj_lePpUO0zajFeJ8CzF4GlD0LZK78U,,,01KSPN254JYTC6GSWXZ8RRSDT3,x3BRWK8NDVAh,1,,
2026-05-28 06:41:30,1779950490766,www.containerboard.eu/placeholders/containers/container-40.svg,GET,,200,9mlnk-1779950490766-432d0fd8a8ec,"Mozilla/5.0 (X11; Linux x86_64) AppleWebKit/537.36 (KHTML, like Gecko) Chrome/148.0.0.0 Safari/537.36",,production,master,HIT,static,/placeholders/containers/container-40.svg,www.containerboard.eu,container-board-btgqho7q0-karoltyminskikarol-7049s-projects.vercel.app,dpl_8LJAAsuAooYajc3Te4fpCQKP1vm4,309,arn1,,,,prj_lePpUO0zajFeJ8CzF4GlD0LZK78U,,,,,,,
2026-05-28 06:41:30,1779950490261,www.containerboard.eu/containers/new,GET,,200,9mlnk-1779950490261-7e19e997b1db,"Mozilla/5.0 (X11; Linux x86_64) AppleWebKit/537.36 (KHTML, like Gecko) Chrome/148.0.0.0 Safari/537.36",,production,master,MISS,middleware,/_middleware,www.containerboard.eu,container-board-btgqho7q0-karoltyminskikarol-7049s-projects.vercel.app,dpl_8LJAAsuAooYajc3Te4fpCQKP1vm4,6,arn1,287,4096,,prj_lePpUO0zajFeJ8CzF4GlD0LZK78U,,,01KSPN24MWVDGNWBDQJ7DVRVTC,x3BRWK8NDVAh,1,,
2026-05-28 06:41:30,1779950490261,www.containerboard.eu/containers/new,GET,,200,9mlnk-1779950490261-7e19e997b1db,"Mozilla/5.0 (X11; Linux x86_64) AppleWebKit/537.36 (KHTML, like Gecko) Chrome/148.0.0.0 Safari/537.36",,production,master,MISS,function,/containers/new,www.containerboard.eu,container-board-btgqho7q0-karoltyminskikarol-7049s-projects.vercel.app,dpl_8LJAAsuAooYajc3Te4fpCQKP1vm4,127,arn1,412,4096,,prj_lePpUO0zajFeJ8CzF4GlD0LZK78U,,,01KSPN24X8XCQPAR5JWPPEVCJW,mq1T86Lkynw3,1,,
2026-05-28 06:41:29,1779950489340,www.containerboard.eu/api/auth/google/callback,GET,state=27ca0a15e2ca282710761a7d4965ac0393dc59281dfbf354&iss=https%3A%2F%2Faccounts.google.com&code=4%2F0AeoWuM8tL13TyUhw5nGg-v5QeeGFO6AxmcCP00Onu5Sbqwiwc1Qr3VkjwtS6vOQeUlBDbA&scope=email%20profile%20https%3A%2F%2Fwww.googleapis.com%2Fauth%2Fuserinfo.profile%20https%3A%2F%2Fwww.googleapis.com%2Fauth%2Fuserinfo.email%20openid&authuser=0&prompt=consent,307,ppt84-1779950489340-8e455886bc8c,"Mozilla/5.0 (X11; Linux x86_64) AppleWebKit/537.36 (KHTML, like Gecko) Chrome/148.0.0.0 Safari/537.36",,production,master,MISS,function,/api/auth/google/callback,www.containerboard.eu,container-board-btgqho7q0-karoltyminskikarol-7049s-projects.vercel.app,dpl_8LJAAsuAooYajc3Te4fpCQKP1vm4,578,arn1,410,4096,,prj_lePpUO0zajFeJ8CzF4GlD0LZK78U,,,01KSPN23Z6S17NCFMW4Z3NFD0S,mq1T86Lkynw3,1,,
2026-05-28 06:41:29,1779950489340,www.containerboard.eu/api/auth/google/callback,GET,state=27ca0a15e2ca282710761a7d4965ac0393dc59281dfbf354&iss=https%3A%2F%2Faccounts.google.com&code=4%2F0AeoWuM8tL13TyUhw5nGg-v5QeeGFO6AxmcCP00Onu5Sbqwiwc1Qr3VkjwtS6vOQeUlBDbA&scope=email%20profile%20https%3A%2F%2Fwww.googleapis.com%2Fauth%2Fuserinfo.profile%20https%3A%2F%2Fwww.googleapis.com%2Fauth%2Fuserinfo.email%20openid&authuser=0&prompt=consent,307,ppt84-1779950489340-8e455886bc8c,"Mozilla/5.0 (X11; Linux x86_64) AppleWebKit/537.36 (KHTML, like Gecko) Chrome/148.0.0.0 Safari/537.36",,production,master,MISS,middleware,/_middleware,www.containerboard.eu,container-board-btgqho7q0-karoltyminskikarol-7049s-projects.vercel.app,dpl_8LJAAsuAooYajc3Te4fpCQKP1vm4,6,arn1,287,4096,,prj_lePpUO0zajFeJ8CzF4GlD0LZK78U,,,01KSPN23R0QWHKP0BNJ2BPVCEZ,x3BRWK8NDVAh,1,,
2026-05-28 06:41:23,1779950483211,www.containerboard.eu/api/auth/google/start,GET,next=%2Fcontainers%2Fnew,307,2xtr5-1779950483211-3482a9aa6e8b,"Mozilla/5.0 (X11; Linux x86_64) AppleWebKit/537.36 (KHTML, like Gecko) Chrome/148.0.0.0 Safari/537.36",,production,master,MISS,function,/api/auth/google/start,www.containerboard.eu,container-board-btgqho7q0-karoltyminskikarol-7049s-projects.vercel.app,dpl_8LJAAsuAooYajc3Te4fpCQKP1vm4,17,arn1,410,4096,,prj_lePpUO0zajFeJ8CzF4GlD0LZK78U,,,01KSPN1XZEK5Y34MH5SFCJR5T8,mq1T86Lkynw3,1,,
2026-05-28 06:41:23,1779950483211,www.containerboard.eu/api/auth/google/start,GET,next=%2Fcontainers%2Fnew,307,2xtr5-1779950483211-3482a9aa6e8b,"Mozilla/5.0 (X11; Linux x86_64) AppleWebKit/537.36 (KHTML, like Gecko) Chrome/148.0.0.0 Safari/537.36",,production,master,MISS,middleware,/_middleware,www.containerboard.eu,container-board-btgqho7q0-karoltyminskikarol-7049s-projects.vercel.app,dpl_8LJAAsuAooYajc3Te4fpCQKP1vm4,6,arn1,287,4096,,prj_lePpUO0zajFeJ8CzF4GlD0LZK78U,,,01KSPN1XRHBAK85N81YYARM5DW,x3BRWK8NDVAh,1,,
2026-05-28 06:41:21,1779950481919,www.containerboard.eu/login,GET,next=%2Fcontainers%2Fnew&_rsc=lqhut,200,scsdx-1779950481919-b631e7353e09,"Mozilla/5.0 (X11; Linux x86_64) AppleWebKit/537.36 (KHTML, like Gecko) Chrome/148.0.0.0 Safari/537.36",,production,master,MISS,function,/login.rsc,www.containerboard.eu,container-board-btgqho7q0-karoltyminskikarol-7049s-projects.vercel.app,dpl_8LJAAsuAooYajc3Te4fpCQKP1vm4,7,arn1,410,4096,,prj_lePpUO0zajFeJ8CzF4GlD0LZK78U,,,01KSPN1WH17E6H5NZ9ACWD748A,mq1T86Lkynw3,1,,
2026-05-28 06:41:21,1779950481919,www.containerboard.eu/login,GET,next=%2Fcontainers%2Fnew&_rsc=lqhut,200,scsdx-1779950481919-b631e7353e09,"Mozilla/5.0 (X11; Linux x86_64) AppleWebKit/537.36 (KHTML, like Gecko) Chrome/148.0.0.0 Safari/537.36",,production,master,MISS,middleware,/_middleware,www.containerboard.eu,container-board-btgqho7q0-karoltyminskikarol-7049s-projects.vercel.app,dpl_8LJAAsuAooYajc3Te4fpCQKP1vm4,5,arn1,287,4096,,prj_lePpUO0zajFeJ8CzF4GlD0LZK78U,,,01KSPN1WGFT03QC6BNWJ0HXH5W,x3BRWK8NDVAh,1,,
2026-05-28 06:41:21,1779950481734,www.containerboard.eu/register,GET,next=%2Fcontainers%2Fnew&_rsc=120m8,200,njqjj-1779950481734-45bf4548d773,"Mozilla/5.0 (X11; Linux x86_64) AppleWebKit/537.36 (KHTML, like Gecko) Chrome/148.0.0.0 Safari/537.36",,production,master,MISS,middleware,/_middleware,www.containerboard.eu,container-board-btgqho7q0-karoltyminskikarol-7049s-projects.vercel.app,dpl_8LJAAsuAooYajc3Te4fpCQKP1vm4,6,arn1,287,4096,,prj_lePpUO0zajFeJ8CzF4GlD0LZK78U,,,01KSPN1WA9XT21P66P7XDQ9DWF,x3BRWK8NDVAh,1,,
2026-05-28 06:41:21,1779950481734,www.containerboard.eu/register,GET,next=%2Fcontainers%2Fnew&_rsc=120m8,200,njqjj-1779950481734-45bf4548d773,"Mozilla/5.0 (X11; Linux x86_64) AppleWebKit/537.36 (KHTML, like Gecko) Chrome/148.0.0.0 Safari/537.36",,production,master,MISS,function,/register.rsc,www.containerboard.eu,container-board-btgqho7q0-karoltyminskikarol-7049s-projects.vercel.app,dpl_8LJAAsuAooYajc3Te4fpCQKP1vm4,11,arn1,410,4096,,prj_lePpUO0zajFeJ8CzF4GlD0LZK78U,,,01KSPN1WAX9X2EQZ04PD7W4QJM,mq1T86Lkynw3,1,,
2026-05-28 06:41:17,1779950477390,www.containerboard.eu/forgot-password,GET,_rsc=to9i9,200,t7zgk-1779950477390-bff81edfee5e,"Mozilla/5.0 (X11; Linux x86_64) AppleWebKit/537.36 (KHTML, like Gecko) Chrome/148.0.0.0 Safari/537.36",,production,master,MISS,middleware,/_middleware,www.containerboard.eu,container-board-btgqho7q0-karoltyminskikarol-7049s-projects.vercel.app,dpl_8LJAAsuAooYajc3Te4fpCQKP1vm4,5,arn1,287,4096,,prj_lePpUO0zajFeJ8CzF4GlD0LZK78U,,,01KSPN1R2G1GTRW0KX20T04B5K,x3BRWK8NDVAh,1,,
2026-05-28 06:41:17,1779950477390,www.containerboard.eu/forgot-password,GET,_rsc=to9i9,200,t7zgk-1779950477390-bff81edfee5e,"Mozilla/5.0 (X11; Linux x86_64) AppleWebKit/537.36 (KHTML, like Gecko) Chrome/148.0.0.0 Safari/537.36",,production,master,MISS,function,/forgot-password.rsc,www.containerboard.eu,container-board-btgqho7q0-karoltyminskikarol-7049s-projects.vercel.app,dpl_8LJAAsuAooYajc3Te4fpCQKP1vm4,9,arn1,409,4096,,prj_lePpUO0zajFeJ8CzF4GlD0LZK78U,,,01KSPN1R35DVJFE67ND194B33S,mq1T86Lkynw3,1,,
2026-05-28 06:41:17,1779950477161,www.containerboard.eu/register,GET,next=%2Fcontainers%2Fnew&_rsc=to9i9,200,7tp5n-1779950477161-e8258569d91d,"Mozilla/5.0 (X11; Linux x86_64) AppleWebKit/537.36 (KHTML, like Gecko) Chrome/148.0.0.0 Safari/537.36",,production,master,MISS,function,/register.rsc,www.containerboard.eu,container-board-btgqho7q0-karoltyminskikarol-7049s-projects.vercel.app,dpl_8LJAAsuAooYajc3Te4fpCQKP1vm4,9,arn1,408,4096,,prj_lePpUO0zajFeJ8CzF4GlD0LZK78U,,,01KSPN1QW289VGKWAKYMQPS8G5,mq1T86Lkynw3,1,,
2026-05-28 06:41:17,1779950477161,www.containerboard.eu/register,GET,next=%2Fcontainers%2Fnew&_rsc=to9i9,200,7tp5n-1779950477161-e8258569d91d,"Mozilla/5.0 (X11; Linux x86_64) AppleWebKit/537.36 (KHTML, like Gecko) Chrome/148.0.0.0 Safari/537.36",,production,master,MISS,middleware,/_middleware,www.containerboard.eu,container-board-btgqho7q0-karoltyminskikarol-7049s-projects.vercel.app,dpl_8LJAAsuAooYajc3Te4fpCQKP1vm4,6,arn1,287,4096,,prj_lePpUO0zajFeJ8CzF4GlD0LZK78U,,,01KSPN1QVE8QQ4X2ZP7RT4P0SG,x3BRWK8NDVAh,1,,
2026-05-28 06:41:17,1779950477066,www.containerboard.eu/register,GET,next=%2Fcontainers%2Fnew&_rsc=17yrj,200,rz48t-1779950477066-7fcc3a40b4cf,"Mozilla/5.0 (X11; Linux x86_64) AppleWebKit/537.36 (KHTML, like Gecko) Chrome/148.0.0.0 Safari/537.36",,production,master,MISS,function,/register.rsc,www.containerboard.eu,container-board-btgqho7q0-karoltyminskikarol-7049s-projects.vercel.app,dpl_8LJAAsuAooYajc3Te4fpCQKP1vm4,19,arn1,408,4096,,prj_lePpUO0zajFeJ8CzF4GlD0LZK78U,,,01KSPN1QS3JZHEC7SBQ4CAKHBQ,mq1T86Lkynw3,1,,
2026-05-28 06:41:17,1779950477066,www.containerboard.eu/register,GET,next=%2Fcontainers%2Fnew&_rsc=17yrj,200,rz48t-1779950477066-7fcc3a40b4cf,"Mozilla/5.0 (X11; Linux x86_64) AppleWebKit/537.36 (KHTML, like Gecko) Chrome/148.0.0.0 Safari/537.36",,production,master,MISS,middleware,/_middleware,www.containerboard.eu,container-board-btgqho7q0-karoltyminskikarol-7049s-projects.vercel.app,dpl_8LJAAsuAooYajc3Te4fpCQKP1vm4,5,arn1,290,4096,,prj_lePpUO0zajFeJ8CzF4GlD0LZK78U,,,01KSPN1QRE1E893EPZ677CQHTY,Fc0STGZLUxSm,1,,
2026-05-28 06:41:17,1779950477066,www.containerboard.eu/forgot-password,GET,_rsc=17yrj,200,ng8ms-1779950477066-5ecd39d70c27,"Mozilla/5.0 (X11; Linux x86_64) AppleWebKit/537.36 (KHTML, like Gecko) Chrome/148.0.0.0 Safari/537.36",,production,master,MISS,function,/forgot-password.rsc,www.containerboard.eu,container-board-btgqho7q0-karoltyminskikarol-7049s-projects.vercel.app,dpl_8LJAAsuAooYajc3Te4fpCQKP1vm4,17,arn1,409,4096,,prj_lePpUO0zajFeJ8CzF4GlD0LZK78U,,,01KSPN1R0EDJN6QH24VY5ZVD6A,mq1T86Lkynw3,1,,
2026-05-28 06:41:17,1779950477066,www.containerboard.eu/forgot-password,GET,_rsc=17yrj,200,ng8ms-1779950477066-5ecd39d70c27,"Mozilla/5.0 (X11; Linux x86_64) AppleWebKit/537.36 (KHTML, like Gecko) Chrome/148.0.0.0 Safari/537.36",,production,master,MISS,middleware,/_middleware,www.containerboard.eu,container-board-btgqho7q0-karoltyminskikarol-7049s-projects.vercel.app,dpl_8LJAAsuAooYajc3Te4fpCQKP1vm4,5,arn1,287,4096,,prj_lePpUO0zajFeJ8CzF4GlD0LZK78U,,,01KSPN1QRGGHHBW5H932PN8NXR,x3BRWK8NDVAh,1,,
2026-05-28 06:41:16,1779950476929,www.containerboard.eu/login,GET,next=%2Fcontainers%2Fnew&_rsc=1671e,200,t7zgk-1779950476929-138a8ed6254d,"Mozilla/5.0 (X11; Linux x86_64) AppleWebKit/537.36 (KHTML, like Gecko) Chrome/148.0.0.0 Safari/537.36",,production,master,MISS,function,/login.rsc,www.containerboard.eu,container-board-btgqho7q0-karoltyminskikarol-7049s-projects.vercel.app,dpl_8LJAAsuAooYajc3Te4fpCQKP1vm4,21,arn1,408,4096,,prj_lePpUO0zajFeJ8CzF4GlD0LZK78U,,,01KSPN1QMWAGZ8AX796TZHEZ3T,mq1T86Lkynw3,1,,
2026-05-28 06:41:16,1779950476929,www.containerboard.eu/login,GET,next=%2Fcontainers%2Fnew&_rsc=1671e,200,t7zgk-1779950476929-138a8ed6254d,"Mozilla/5.0 (X11; Linux x86_64) AppleWebKit/537.36 (KHTML, like Gecko) Chrome/148.0.0.0 Safari/537.36",,production,master,MISS,middleware,/_middleware,www.containerboard.eu,container-board-btgqho7q0-karoltyminskikarol-7049s-projects.vercel.app,dpl_8LJAAsuAooYajc3Te4fpCQKP1vm4,5,arn1,290,4096,,prj_lePpUO0zajFeJ8CzF4GlD0LZK78U,,,01KSPN1QM6HYW9Q2HC76J8D87J,Fc0STGZLUxSm,1,,
2026-05-28 06:41:16,1779950476797,www.containerboard.eu/containers/new,GET,_rsc=1bbne,200,rz48t-1779950476797-0497d4ae4b38,"Mozilla/5.0 (X11; Linux x86_64) AppleWebKit/537.36 (KHTML, like Gecko) Chrome/148.0.0.0 Safari/537.36",,production,master,MISS,middleware,/_middleware,www.containerboard.eu,container-board-btgqho7q0-karoltyminskikarol-7049s-projects.vercel.app,dpl_8LJAAsuAooYajc3Te4fpCQKP1vm4,5,arn1,290,4096,,prj_lePpUO0zajFeJ8CzF4GlD0LZK78U,,,01KSPN1QG2TCJBCQMP98A450W6,Fc0STGZLUxSm,1,,
2026-05-28 06:41:16,1779950476797,www.containerboard.eu/containers/new,GET,_rsc=1bbne,200,rz48t-1779950476797-0497d4ae4b38,"Mozilla/5.0 (X11; Linux x86_64) AppleWebKit/537.36 (KHTML, like Gecko) Chrome/148.0.0.0 Safari/537.36",,production,master,MISS,function,/containers/new.rsc,www.containerboard.eu,container-board-btgqho7q0-karoltyminskikarol-7049s-projects.vercel.app,dpl_8LJAAsuAooYajc3Te4fpCQKP1vm4,25,arn1,406,4096,,prj_lePpUO0zajFeJ8CzF4GlD0LZK78U,,,01KSPN1QGR7AWK8QKENBC686SM,mq1T86Lkynw3,1,,
2026-05-28 06:41:13,1779950473604,www.containerboard.eu/about,GET,_rsc=xg8qc,200,ggs8n-1779950473604-8be7ef30ba15,"Mozilla/5.0 (X11; Linux x86_64) AppleWebKit/537.36 (KHTML, like Gecko) Chrome/148.0.0.0 Safari/537.36",,production,master,MISS,middleware,/_middleware,www.containerboard.eu,container-board-btgqho7q0-karoltyminskikarol-7049s-projects.vercel.app,dpl_8LJAAsuAooYajc3Te4fpCQKP1vm4,5,arn1,290,4096,,prj_lePpUO0zajFeJ8CzF4GlD0LZK78U,,,01KSPN1MCAWGGGG49J1FRH9GVX,Fc0STGZLUxSm,1,,
2026-05-28 06:41:13,1779950473604,www.containerboard.eu/about,GET,_rsc=xg8qc,200,ggs8n-1779950473604-8be7ef30ba15,"Mozilla/5.0 (X11; Linux x86_64) AppleWebKit/537.36 (KHTML, like Gecko) Chrome/148.0.0.0 Safari/537.36",,production,master,MISS,function,/about.rsc,www.containerboard.eu,container-board-btgqho7q0-karoltyminskikarol-7049s-projects.vercel.app,dpl_8LJAAsuAooYajc3Te4fpCQKP1vm4,11,arn1,406,4096,,prj_lePpUO0zajFeJ8CzF4GlD0LZK78U,,,01KSPN1MCX1YXB49RK7K96F5Z0,mq1T86Lkynw3,1,,
2026-05-28 06:41:06,1779950466830,www.containerboard.eu/pl/shipping-containers/for-sale,GET,_rsc=19be9,200,v8tps-1779950466830-18befc60b975,"Mozilla/5.0 (X11; Linux x86_64) AppleWebKit/537.36 (KHTML, like Gecko) Chrome/148.0.0.0 Safari/537.36",,production,master,MISS,middleware,/_middleware,www.containerboard.eu,container-board-btgqho7q0-karoltyminskikarol-7049s-projects.vercel.app,dpl_8LJAAsuAooYajc3Te4fpCQKP1vm4,5,arn1,290,4096,,prj_lePpUO0zajFeJ8CzF4GlD0LZK78U,,,01KSPN1DRJGJGGDE2PTEEKYXKE,Fc0STGZLUxSm,1,,
2026-05-28 06:41:06,1779950466830,www.containerboard.eu/pl/shipping-containers/for-sale,GET,_rsc=19be9,200,v8tps-1779950466830-18befc60b975,"Mozilla/5.0 (X11; Linux x86_64) AppleWebKit/537.36 (KHTML, like Gecko) Chrome/148.0.0.0 Safari/537.36",,production,master,MISS,function,/[locale]/shipping-containers/[intent].rsc,www.containerboard.eu,container-board-btgqho7q0-karoltyminskikarol-7049s-projects.vercel.app,dpl_8LJAAsuAooYajc3Te4fpCQKP1vm4,76,arn1,406,4096,,prj_lePpUO0zajFeJ8CzF4GlD0LZK78U,,,01KSPN1DS50GKME2C6335E2HHQ,mq1T86Lkynw3,1,,
2026-05-28 06:41:06,1779950466676,www.containerboard.eu/about,GET,_rsc=12eby,200,gdpww-1779950466676-7df49b499df9,"Mozilla/5.0 (X11; Linux x86_64) AppleWebKit/537.36 (KHTML, like Gecko) Chrome/148.0.0.0 Safari/537.36",,production,master,MISS,function,/about.rsc,www.containerboard.eu,container-board-btgqho7q0-karoltyminskikarol-7049s-projects.vercel.app,dpl_8LJAAsuAooYajc3Te4fpCQKP1vm4,18,arn1,337,4096,,prj_lePpUO0zajFeJ8CzF4GlD0LZK78U,,,01KSPN1DMTQYPCHGFG551XC4MH,5WSNUbX8QYGL,1,,
2026-05-28 06:41:06,1779950466676,www.containerboard.eu/about,GET,_rsc=12eby,200,gdpww-1779950466676-7df49b499df9,"Mozilla/5.0 (X11; Linux x86_64) AppleWebKit/537.36 (KHTML, like Gecko) Chrome/148.0.0.0 Safari/537.36",,production,master,MISS,middleware,/_middleware,www.containerboard.eu,container-board-btgqho7q0-karoltyminskikarol-7049s-projects.vercel.app,dpl_8LJAAsuAooYajc3Te4fpCQKP1vm4,6,arn1,290,4096,,prj_lePpUO0zajFeJ8CzF4GlD0LZK78U,,,01KSPN1DKW8WX27DQYR8CHDHYA,Fc0STGZLUxSm,1,,
2026-05-28 06:41:06,1779950466671,www.containerboard.eu/contact,GET,_rsc=148nd,200,v8tps-1779950466671-ac3b4a7d6037,"Mozilla/5.0 (X11; Linux x86_64) AppleWebKit/537.36 (KHTML, like Gecko) Chrome/148.0.0.0 Safari/537.36",,production,master,MISS,function,/contact.rsc,www.containerboard.eu,container-board-btgqho7q0-karoltyminskikarol-7049s-projects.vercel.app,dpl_8LJAAsuAooYajc3Te4fpCQKP1vm4,21,arn1,352,4096,,prj_lePpUO0zajFeJ8CzF4GlD0LZK78U,,,01KSPN1DMBEYN1KYEFVDHJTWZ3,6ykmttUW1So7,1,,
2026-05-28 06:41:06,1779950466671,www.containerboard.eu/contact,GET,_rsc=148nd,200,v8tps-1779950466671-ac3b4a7d6037,"Mozilla/5.0 (X11; Linux x86_64) AppleWebKit/537.36 (KHTML, like Gecko) Chrome/148.0.0.0 Safari/537.36",,production,master,MISS,middleware,/_middleware,www.containerboard.eu,container-board-btgqho7q0-karoltyminskikarol-7049s-projects.vercel.app,dpl_8LJAAsuAooYajc3Te4fpCQKP1vm4,6,arn1,286,4096,,prj_lePpUO0zajFeJ8CzF4GlD0LZK78U,,,01KSPN1DKN1WBGDEQCGANRTFY2,x3BRWK8NDVAh,1,,
2026-05-28 06:41:06,1779950466663,www.containerboard.eu/login,GET,next=%2F&_rsc=19be9,200,dkxzp-1779950466663-507cce1b9660,"Mozilla/5.0 (X11; Linux x86_64) AppleWebKit/537.36 (KHTML, like Gecko) Chrome/148.0.0.0 Safari/537.36",,production,master,MISS,function,/login.rsc,www.containerboard.eu,container-board-btgqho7q0-karoltyminskikarol-7049s-projects.vercel.app,dpl_8LJAAsuAooYajc3Te4fpCQKP1vm4,12,arn1,336,4096,,prj_lePpUO0zajFeJ8CzF4GlD0LZK78U,,,01KSPN1DM0XFK03BAY0286B37Z,5WSNUbX8QYGL,1,,
2026-05-28 06:41:06,1779950466663,www.containerboard.eu/login,GET,next=%2F&_rsc=19be9,200,dkxzp-1779950466663-507cce1b9660,"Mozilla/5.0 (X11; Linux x86_64) AppleWebKit/537.36 (KHTML, like Gecko) Chrome/148.0.0.0 Safari/537.36",,production,master,MISS,middleware,/_middleware,www.containerboard.eu,container-board-btgqho7q0-karoltyminskikarol-7049s-projects.vercel.app,dpl_8LJAAsuAooYajc3Te4fpCQKP1vm4,5,arn1,290,4096,,prj_lePpUO0zajFeJ8CzF4GlD0LZK78U,,,01KSPN1DKAJS3737NJ0TPR08VM,Fc0STGZLUxSm,1,,
2026-05-28 06:41:06,1779950466570,www.containerboard.eu/pl/shipping-containers/for-sale,GET,_rsc=lqhut&nxtPlocale=pl&nxtPintent=for-sale,200,xv8xp-1779950466570-f1045daedf62,"Mozilla/5.0 (X11; Linux x86_64) AppleWebKit/537.36 (KHTML, like Gecko) Chrome/148.0.0.0 Safari/537.36",,production,master,MISS,function,/[locale]/shipping-containers/[intent].rsc,www.containerboard.eu,container-board-btgqho7q0-karoltyminskikarol-7049s-projects.vercel.app,dpl_8LJAAsuAooYajc3Te4fpCQKP1vm4,21,arn1,406,4096,,prj_lePpUO0zajFeJ8CzF4GlD0LZK78U,,,01KSPN1DKN04XF7PCNQPNW7P8R,mq1T86Lkynw3,1,,
2026-05-28 06:41:06,1779950466570,www.containerboard.eu/pl/shipping-containers/for-sale,GET,_rsc=lqhut&nxtPlocale=pl&nxtPintent=for-sale,200,xv8xp-1779950466570-f1045daedf62,"Mozilla/5.0 (X11; Linux x86_64) AppleWebKit/537.36 (KHTML, like Gecko) Chrome/148.0.0.0 Safari/537.36",,production,master,MISS,middleware,/_middleware,www.containerboard.eu,container-board-btgqho7q0-karoltyminskikarol-7049s-projects.vercel.app,dpl_8LJAAsuAooYajc3Te4fpCQKP1vm4,6,arn1,290,4096,,prj_lePpUO0zajFeJ8CzF4GlD0LZK78U,,,01KSPN1DHMCZ1NZYXM0HX3PD9V,Fc0STGZLUxSm,1,,
2026-05-28 06:41:06,1779950466570,www.containerboard.eu/about,GET,_rsc=lqhut,200,njqjj-1779950466570-e3018d6bc264,"Mozilla/5.0 (X11; Linux x86_64) AppleWebKit/537.36 (KHTML, like Gecko) Chrome/148.0.0.0 Safari/537.36",,production,master,MISS,function,/about.rsc,www.containerboard.eu,container-board-btgqho7q0-karoltyminskikarol-7049s-projects.vercel.app,dpl_8LJAAsuAooYajc3Te4fpCQKP1vm4,16,arn1,405,4096,,prj_lePpUO0zajFeJ8CzF4GlD0LZK78U,,,01KSPN1DH5BDYWH9JG1QHYPBW4,mq1T86Lkynw3,1,,
2026-05-28 06:41:06,1779950466570,www.containerboard.eu/about,GET,_rsc=lqhut,200,njqjj-1779950466570-e3018d6bc264,"Mozilla/5.0 (X11; Linux x86_64) AppleWebKit/537.36 (KHTML, like Gecko) Chrome/148.0.0.0 Safari/537.36",,production,master,MISS,middleware,/_middleware,www.containerboard.eu,container-board-btgqho7q0-karoltyminskikarol-7049s-projects.vercel.app,dpl_8LJAAsuAooYajc3Te4fpCQKP1vm4,8,arn1,286,4096,,prj_lePpUO0zajFeJ8CzF4GlD0LZK78U,,,01KSPN1DGENA75GH3EMC67B0KE,M802CPO7BM79,1,,
2026-05-28 06:41:06,1779950466570,www.containerboard.eu/contact,GET,_rsc=lqhut,200,dkxzp-1779950466570-d4e37193e358,"Mozilla/5.0 (X11; Linux x86_64) AppleWebKit/537.36 (KHTML, like Gecko) Chrome/148.0.0.0 Safari/537.36",,production,master,MISS,function,/contact.rsc,www.containerboard.eu,container-board-btgqho7q0-karoltyminskikarol-7049s-projects.vercel.app,dpl_8LJAAsuAooYajc3Te4fpCQKP1vm4,23,arn1,336,4096,,prj_lePpUO0zajFeJ8CzF4GlD0LZK78U,,,01KSPN1DHAV4TBM1JBTW5W8V54,5WSNUbX8QYGL,1,,
2026-05-28 06:41:06,1779950466570,www.containerboard.eu/contact,GET,_rsc=lqhut,200,dkxzp-1779950466570-d4e37193e358,"Mozilla/5.0 (X11; Linux x86_64) AppleWebKit/537.36 (KHTML, like Gecko) Chrome/148.0.0.0 Safari/537.36",,production,master,MISS,middleware,/_middleware,www.containerboard.eu,container-board-btgqho7q0-karoltyminskikarol-7049s-projects.vercel.app,dpl_8LJAAsuAooYajc3Te4fpCQKP1vm4,5,arn1,289,4096,,prj_lePpUO0zajFeJ8CzF4GlD0LZK78U,,,01KSPN1DGKFCRQVCB9890HKKQZ,Fc0STGZLUxSm,1,,
2026-05-28 06:41:06,1779950466568,www.containerboard.eu/login,GET,next=%2F&_rsc=lqhut,200,scsdx-1779950466568-201d647537f5,"Mozilla/5.0 (X11; Linux x86_64) AppleWebKit/537.36 (KHTML, like Gecko) Chrome/148.0.0.0 Safari/537.36",,production,master,MISS,function,/login.rsc,www.containerboard.eu,container-board-btgqho7q0-karoltyminskikarol-7049s-projects.vercel.app,dpl_8LJAAsuAooYajc3Te4fpCQKP1vm4,7,arn1,351,4096,,prj_lePpUO0zajFeJ8CzF4GlD0LZK78U,,,01KSPN1DH9V5GV4ADJRZD7F8RC,6ykmttUW1So7,1,,
2026-05-28 06:41:06,1779950466568,www.containerboard.eu/login,GET,next=%2F&_rsc=lqhut,200,scsdx-1779950466568-201d647537f5,"Mozilla/5.0 (X11; Linux x86_64) AppleWebKit/537.36 (KHTML, like Gecko) Chrome/148.0.0.0 Safari/537.36",,production,master,MISS,middleware,/_middleware,www.containerboard.eu,container-board-btgqho7q0-karoltyminskikarol-7049s-projects.vercel.app,dpl_8LJAAsuAooYajc3Te4fpCQKP1vm4,7,arn1,286,4096,,prj_lePpUO0zajFeJ8CzF4GlD0LZK78U,,,01KSPN1DGM30B4KGYEYQ6P08T5,x3BRWK8NDVAh,1,,
2026-05-28 06:41:06,1779950466057,www.containerboard.eu/register,GET,_rsc=7lxmz,200,mt65w-1779950466057-0d701cf4c04c,"Mozilla/5.0 (X11; Linux x86_64) AppleWebKit/537.36 (KHTML, like Gecko) Chrome/148.0.0.0 Safari/537.36",,production,master,MISS,function,/register.rsc,www.containerboard.eu,container-board-btgqho7q0-karoltyminskikarol-7049s-projects.vercel.app,dpl_8LJAAsuAooYajc3Te4fpCQKP1vm4,14,arn1,351,4096,,prj_lePpUO0zajFeJ8CzF4GlD0LZK78U,,,01KSPN1D1CZ0QPRQEDWQTSZ6FH,6ykmttUW1So7,1,,
2026-05-28 06:41:06,1779950466057,www.containerboard.eu/register,GET,_rsc=7lxmz,200,mt65w-1779950466057-0d701cf4c04c,"Mozilla/5.0 (X11; Linux x86_64) AppleWebKit/537.36 (KHTML, like Gecko) Chrome/148.0.0.0 Safari/537.36",,production,master,MISS,middleware,/_middleware,www.containerboard.eu,container-board-btgqho7q0-karoltyminskikarol-7049s-projects.vercel.app,dpl_8LJAAsuAooYajc3Te4fpCQKP1vm4,8,arn1,286,4096,,prj_lePpUO0zajFeJ8CzF4GlD0LZK78U,,,01KSPN1D0P016GVBQTCEMD9XT9,M802CPO7BM79,1,,
